"barIndex","Time","trendSide","fastGrad","slowGrad","accel","adx","rsi","gradStab","bandwidth","close","fastEMA","slowEMA"
"3683","08:41:31","BEAR","-0.767332255927613","-0.203730293276749","-0.882294979466678","27.0778107001987","47.9880838501423","0.563601962650864","5.98566743903191E-05","25351.25","25354.7029951517","25353.1854377861"
"3684","08:42:00","BEAR","-0.590627217658039","-0.162785458091093","-0.721877710471745","25.2792360664043","48.4618909190768","0.427841759566945","4.38353879585607E-05","25351.5","25354.1578224795","25353.0464618519"
"3685","08:42:30","BULL","0.322544673159427","0.311901592340291","0.227554600525764","24.1608290158105","57.9536524004094","0.0106430808191362","5.96208409380319E-05","25356.75","25355.2985489708","25353.7869348728"
"3686","08:43:00","BULL","0.305222501177923","0.316210284225235","0.595271945883724","23.7251066434692","57.9760771374665","0.0109877830473124","6.43086150025846E-05","25357.25","25355.8764987447","25354.2460022999"
"3688","08:44:00","BEAR","-0.336999813262082","-0.0802623728850449","-0.522999771761533","20.3271952473609","50.0332789677281","0.256737440377037","2.97394367992289E-05","25353.0","25354.5164991597","25353.7624925424"
"3689","08:44:30","BEAR","-0.238537037294009","-0.051076387258945","-0.291545267809852","19.2142984737218","50.4720774777602","0.187460650035064","2.31993820098696E-05","25353.25","25354.3234166678","25353.735225679"
"3691","08:45:30","BULL","0.383518782695319","0.328883479989599","0.635411845516501","20.361995763598","57.3270343423125","0.0546353027057194","5.51588092859328E-05","25358.25","25356.5241654779","25355.1256069401"
"3692","08:46:00","BULL","0.470812888321234","0.385996617951605","0.519882419059286","20.8001983385226","59.1825555107781","0.0848162703696289","6.10638639670874E-05","25359.25","25357.1313420025","25355.5830321295"
"3693","08:46:30","BULL","0.64554112350379","0.50002868608135","0.788994706501398","21.1083746853156","61.6443287377383","0.14551243742244","7.27764350742471E-05","25361.0","25358.0950649442","25356.2497274822"
"3694","08:47:00","BULL","0.887674142370088","0.653087178565329","0.918268396231724","22.5051526404073","64.6703123285816","0.234586963804759","8.7147161553987E-05","25363.25","25359.2554663593","25357.0456718036"
"3695","08:47:30","BULL","1.2923945462353","0.916285225051979","1.52403777873405","24.235727343143","68.9755800233483","0.376109321183321","0.000113924620990026","25367.0","25361.1842245419","25358.295290362"
"3696","08:48:00","BULL","0.834273223779746","0.699768264843442","1.019667273511","25.5341658849502","65.813711949324","0.134504958936304","0.000114104888738184","25365.5","25361.745770493","25358.852201484"
"3697","08:48:30","BULL","0.496636769872566","0.525413917624974","0.607000496504043","26.0311738952053","62.9620233271466","0.0287771477524075","0.000108700605170762","25364.25","25362.0151345356","25359.2585677826"
"3699","08:49:35","BULL","0.25469824339234","0.355216813466541","0.311297853033466","23.4753782968344","58.7498508549667","0.1005185700742","8.78726556077227E-05","25363.0","25361.8538579047","25359.6254402721"
"3700","08:50:00","BULL","0.237315091701021","0.340661017169623","0.345607334300439","22.9779667118711","58.9108109326699","0.103345925468602","8.55031773400086E-05","25363.25","25362.1820820873","25360.0137203369"
"3701","08:50:30","BULL","0.900778463455936","0.717514162930456","1.10095145533705","24.601627187783","65.1519450730085","0.183264300525479","0.00010894134533104","25368.0","25363.9464969144","25361.1836154522"
"3702","08:51:00","BULL","0.476669982497697","0.498385829949257","0.582596645275771","25.2062149964119","61.5267886624689","0.02171584745156","0.000102109453205916","25366.25","25364.1049850787","25361.5153346155"
"3703","08:51:33","BULL","0.555291969150858","0.541623460660048","0.567579073405795","25.7189626922955","62.8478423136061","0.0136685084908095","0.000104352894178","25367.25","25364.7511861388","25362.1045771237"
"3704","08:52:00","BULL","0.45432979294128","0.49004027392948","0.555291969150858","26.1950855527588","62.8478423136061","0.0357104809882003","0.000102942879995755","25367.25","25365.2055159317","25362.5946173977"
"3705","08:52:34","BULL","0.351063219015487","0.426362968930334","0.317966156577313","26.1610422021934","61.8564177735843","0.0752997499148478","9.74123184760755E-05","25367.0","25365.4202155144","25362.9495517952"
"3707","08:53:30","BULL","0.617052838577365","0.557257063759607","0.754175691592536","25.7900854116529","64.0855520203738","0.0597957748177578","9.92433643371625E-05","25369.25","25366.4732622264","25363.9560578943"
"3708","08:54:02","BULL","0.930481248091382","0.745681561085803","1.02614374766927","27.7812761169727","67.5317557820582","0.184799687005579","0.000114205354002582","25372.0","25367.8128343836","25364.9160251697"
"3709","08:54:30","BULL","0.967914409597142","0.799380822842068","1.29411761172742","28.7458807758073","68.4995992528376","0.168533586755075","0.000127671489000085","25373.5","25369.1443851568","25365.905882183"
"3710","08:55:00","BULL","0.969615921898367","0.828691492773942","1.24064168232508","30.3835690142847","70.1781966244301","0.140924429124425","0.00013834172307485","25374.75","25370.3867283514","25366.8774308186"
"3711","08:55:30","BULL","1.80985104353749","1.34614037555002","2.37870683099027","33.5328988922317","75.5693225399537","0.463710667987471","0.000183058492217802","25381.75","25373.6056703041","25368.9616664323"
"3712","08:56:00","BULL","1.82376242405371","1.41408165497705","2.17348740717352","36.182225533902","78.45063957598","0.409680769076658","0.000206020029975611","25384.0","25375.7930690918","25370.5662242777"
"3713","08:56:30","BULL","1.4921692560456","1.27940721164487","1.82376242405371","38.3143732104702","78.45063957598","0.212762044400733","0.000214395394699765","25384.0","25377.2852383478","25371.8456314894"
"3714","08:57:00","BULL","0.886155011143273","0.963681354751316","1.0830783469537","40.4711527859254","72.6285278075319","0.0775263436080422","0.000203655767748069","25381.75","25377.7623024498","25372.5950271298"
"3715","08:57:30","BULL","0.204374761182407","0.570314876524208","0.249791374779306","39.33538828623","64.5975190717656","0.3659401153418","0.00017728824673965","25378.25","25377.3303135747","25372.832008673"
"3716","08:58:00","BEAR","-0.196420649939682","0.302847246559395","-0.295625238817593","37.7025633239774","59.4105894930833","0.499267896499077","0.000148226878930209","25375.75","25376.6338929247","25372.8729511577"
"3717","08:58:30","BEAR","-0.123517721855023","0.295546601762908","-0.150966104483814","35.6615836456746","59.7449823725251","0.419064323617931","0.000132562053065199","25376.0","25376.5558297483","25373.1923072833"
"3718","08:59:00","BEAR","-0.696101276556874","-0.0772718954540323","-0.850790449127089","33.781105275658","52.3181844430473","0.618829381102842","9.45255930955063E-05","25372.0","25375.1324557445","25372.7340830068"
"3719","08:59:30","BEAR","-0.838132449414843","-0.22297389180676","-0.96882854928117","31.1588360247939","49.3934991593571","0.615158557608083","6.51631741175204E-05","25370.25","25374.0215960224","25372.3682519722"
"3720","09:00:00","BEAR","-0.789050516465068","-0.264096559709287","-1.01995063123468","28.6678535695602","48.2267789091304","0.52495395675578","4.10613921125944E-05","25369.5","25373.0507273241","25372.0089173172"
"3721","09:00:30","BULL","0.395735527854413","0.364230096769461","0.483676756262867","29.3029809490868","58.4448986700778","0.0315054310849519","6.6187420044755E-05","25376.5","25374.7191901247","25373.0398140807"
"3722","09:01:00","BULL","0.509734026920341","0.437251266695966","0.623008255126479","29.1467341381527","59.9644260104521","0.0724827602243749","7.33078553056666E-05","25377.75","25375.4561968789","25373.5961129664"
"3723","09:01:30","BULL","0.855071641861286","0.651844116579014","1.10064311782844","30.5357493421308","63.1965798986811","0.203227525282273","9.24034525869778E-05","25380.75","25376.9021776116","25374.5574808925"
"3724","09:02:00","BULL","0.468199111935974","0.458244450146594","0.627798914589221","30.409286311406","60.394366468526","0.00995466178937932","8.85294746693549E-05","25379.25","25377.1431039963","25374.8966777236"
"3725","09:02:30","BULL","0.850014149433264","0.690112325642986","1.15001729375217","31.667496035554","63.79848461941","0.159901823790278","0.000107621747129892","25382.5","25378.6749363275","25375.9439329064"
"3726","09:03:00","BULL","0.567366948711424","0.555226344513358","0.804559603981033","32.3023950593657","62.3123854399693","0.0121406041980663","0.000107244956842184","25381.75","25379.1968487308","25376.4753497271"
"3727","09:03:32","BULL","0.212143205972097","0.353821567943669","0.203730585075391","32.7357944351744","58.915433737871","0.141678361971572","9.48376377767457E-05","25380.0","25379.0453555731","25376.6386951046"
"3728","09:04:01","BULL","0.330596507363225","0.408559649906238","0.348506842332426","32.5686005562354","60.2113685309905","0.0779631425430125","9.4322465084273E-05","25381.0","25379.5123157169","25377.1186833259"
"3729","09:04:30","BULL","0.791149208504066","0.671236508642323","0.966960143727192","33.8596724582835","64.3678570674669","0.119912699861743","0.000110984384690048","25384.5","25380.9398285617","25378.1232531679"
"3730","09:05:00","BULL","0.50680803009891","0.523408995348291","0.563876481232001","34.5116318949657","62.19605902594","0.0166009652493813","0.000106064046001742","25383.5","25381.2193638645","25378.5276145442"
"3732","09:06:02","BEAR","-0.288830988116388","0.0542018781707156","-0.130793429918413","34.0732480808631","53.8723782653704","0.343032866287103","7.15037671975827E-05","25379.0","25380.2997394465","25378.4850821574"
"3733","09:06:30","BEAR","-0.595820395232295","-0.151640477575711","-0.561558260844322","32.2691835278732","49.9958145798826","0.444179917656584","4.88847791366324E-05","25376.75","25379.4311917786","25378.1905845369"
"3734","09:07:00","BULL","0.0910229824112321","0.202937527094036","0.22236142294787","32.2461120579661","55.9413690154778","0.111914544682804","5.98255932030294E-05","25380.75","25380.3403965791","25378.8220934926"
"3735","09:07:30","BULL","0.334803927758912","0.33440379435342","0.409204800591397","32.7652837738007","58.5620620107432","0.000400133405491943","6.58102015041512E-05","25382.5","25380.9933823251","25379.3231639536"
"3736","09:08:00","BULL","0.273930486346217","0.302555813941581","0.334803927758912","32.7835719801952","58.5620620107432","0.0286253275953641","6.46815308464064E-05","25382.5","25381.2673128114","25379.6257197676"
"3738","09:09:01","BEAR","-0.00558071876002941","0.119012593186199","0.104290232629864","29.3791865648287","54.507737070413","0.124593311946228","4.55378330276036E-05","25380.75","25380.7751132344","25379.6193803647"
"3739","09:09:30","BEAR","-0.302086703777604","-0.0646575404061878","-0.369217082392424","28.3109176532336","50.9588532670388","0.237429163371417","2.93602127255515E-05","25378.75","25380.109390167","25379.3642466339"
"3740","09:10:00","BULL","0.0131687299690384","0.0922939713782398","0.0160951144061983","27.566122757749","53.79368753981","0.0791252414092014","3.2212197815171E-05","25380.5","25380.4407407151","25379.6232072719"
"3742","09:11:00","BEAR","-0.692912593236542","-0.322245913288498","-0.902448725068098","25.0725678248882","46.1674700126895","0.370666679948044","2.23690279739867E-06","25376.0","25379.1181066696","25379.0613361763"
"3743","09:11:32","BEAR","-0.203292121739651","-0.0784038988713291","-0.192912593236542","23.3093237508001","50.0862273957491","0.124888222868321","6.69750063946995E-06","25378.5","25379.4148145478","25379.2448370393"
"3744","09:12:00","BEAR","-0.174594380594499","-0.0732044345822942","-0.157837576283782","22.5861781955016","50.0562704676826","0.101389946012205","3.55537607035558E-06","25378.5","25379.2856747127","25379.1954421285"
"3745","09:12:31","BULL","0.0431004654601566","0.0414771669020411","0.0526783466775669","20.7818781644948","52.0969684160668","0.00162329855811549","7.88361183021939E-06","25379.75","25379.5560479054","25379.3559669145"
"3746","09:13:00","BULL","0.109644182484772","0.08061086075395","0.134009556368255","20.0795983428403","52.925168981099","0.0290333217308216","1.07332502840536E-05","25380.25","25379.7566011788","25379.4841968228"
"3748","09:14:00","BEAR","-0.150869296321616","-0.05262812489309","-0.0177291399486421","16.9063587217094","50.2121396310692","0.0982411714285263","7.05075542063147E-06","25379.0","25379.6789118334","25379.4999671865"
"3749","09:14:32","BULL","0.099701980696409","0.0816357781586703","0.121857976406318","16.9863350388985","53.1807176300405","0.0180662025377387","1.28796110409838E-05","25380.5","25380.0513410869","25379.7244601075"
"3751","09:15:35","BULL","0.191836562582466","0.135555645632849","0.234466909823823","14.9818312279812","54.6205093130674","0.0562809169496177","1.67263488492201E-05","25381.25","25380.3867354684","25379.9622213665"
"3752","09:16:00","BULL","0.499932394181087","0.318790708861343","0.555472926218499","14.5159354094621","58.8952858669306","0.181141685319744","3.0685638000594E-05","25383.5","25381.2503042262","25380.4714882658"
"3753","09:16:30","BULL","0.243746339041536","0.197726741127553","0.40902330326935","13.4844600816855","56.4195134615923","0.0460195979139826","3.07930013470729E-05","25382.5","25381.4031414743","25380.6215959593"
"3754","09:17:00","BULL","0.60851973194076","0.415857074171072","0.743746339041536","13.292932088501","61.9043469847143","0.192662657769688","4.77636465246734E-05","25385.25","25382.5116612063","25381.2993577954"
"3755","09:17:31","BULL","0.154904574068496","0.180106513820647","0.244883368304727","11.9373395480447","55.9635323152947","0.0252019397521508","3.99483768703067E-05","25383.0","25382.3029294167","25381.2889881187"
"3756","09:18:00","BULL","0.00690539531569812","0.0960600884645828","0.0639954831603973","11.1166109597923","54.0692788003695","0.0891546931488847","3.47301068738729E-05","25382.25","25382.2189257211","25381.3374291596"
"3757","09:18:30","BEAR","-0.7298873211912","-0.341659919962694","-0.947640059232072","13.1891976330011","43.8710223756669","0.388227401228505","1.52572692402641E-06","25377.25","25380.5344929454","25380.4957692396"
"3758","09:19:02","BEAR","-0.878172271055519","-0.476921333476639","-1.18443277573897","15.2293042714981","40.843796660047","0.40125093757888","2.28125472767823E-05","25375.25","25379.2017752197","25379.780752668"
"3759","09:19:31","BEAR","-0.726769048222195","-0.433767827795236","-0.832717725603288","15.8171068964278","40.990621735026","0.293001220426959","3.35049144428492E-05","25375.25","25378.520460717","25379.3707943641"
"3760","09:20:00","BEAR","-0.491323436148377","-0.330098329457542","-0.54495086640236","16.6488227195363","42.7465664453936","0.161225106690836","3.64464207759853E-05","25376.0","25378.2109554627","25379.1359341298"
"3761","09:20:30","BEAR","-0.393727439495706","-0.29639281962227","-0.536777981600608","15.449971481012","42.9476940187726","0.0973346198734362","4.11350285110104E-05","25376.0","25377.7717734777","25378.8157317864"
"3762","09:21:00","BEAR","-0.632057987681037","-0.455239761970006","-0.939181984947936","16.2193096023706","39.5146741283874","0.176818225711031","5.83384203537337E-05","25373.75","25376.5942609446","25378.0747777387"
"3763","09:21:31","BEAR","-0.099782981658791","-0.172654569221777","-0.177512533136905","16.4842413425323","45.9300626883181","0.072871587562986","4.69378362594312E-05","25376.5","25376.9490234175","25378.1402184076"
"3764","09:22:00","BULL","0.335714750544867","0.083017748027487","0.354762472885341","15.0084511086975","51.4730126060707","0.25269700251738","2.84512036307423E-05","25379.25","25377.7392836225","25378.4613313937"
"3765","09:22:30","BULL","0.468890581025335","0.185088620099123","0.517532932361064","15.0088534029071","53.8102192703036","0.283801960926212","1.38567044974027E-05","25380.5","25378.3899923854","25378.7416581091"
"3766","09:23:00","BULL","0.652232789430855","0.320522356960282","0.741617853753269","14.7483771691111","56.9245998391998","0.331710432470572","4.33090155929714E-06","25382.25","25379.3149524475","25379.2050376089"
"3767","09:23:31","BULL","0.413810298789031","0.223102994164947","0.561323698522756","15.5705952943694","55.2876436933964","0.190707304624084","1.01394161211651E-05","25381.5","25379.6378536554","25379.3805215554"
"3768","09:24:02","BEAR","-0.0622543836325349","-0.0328387875924818","-0.1316442466632","14.5768292293356","49.4039456454398","0.0294155960400531","1.25393743128083E-06","25378.75","25379.0301447263","25379.0619684821"
"3769","09:24:33","BULL","0.283775339012209","0.164166267008113","0.346836525455728","14.2534500779339","53.6954933706171","0.119609072004096","1.11346233940287E-05","25381.0","25379.7230109744","25379.4404204634"
"3770","09:25:00","BEAR","-0.0281507556828728","-0.00226226635641069","-0.0344064791679557","13.9531694373465","50.1337111284784","0.0258884893264621","4.14459769774737E-06","25379.25","25379.3766784006","25379.2714915304"
"3771","09:25:30","BEAR","-0.213115081100113","-0.122228218311648","-0.482696210227004","12.8708303344068","47.5822135537672","0.0908868627884658","7.96528297467638E-06","25377.75","25378.7090178649","25378.911168074"
"3772","09:26:00","BEAR","-0.025606553957914","-0.0244196351632127","-0.031296899280278","11.8972890719261","49.518648916451","0.00118691879470134","4.60054076701776E-06","25378.75","25378.8652294928","25378.9819865341"
"3773","09:26:32","BULL","0.239379761638702","0.128699695171235","0.292575264225889","11.0769956019541","52.8044984034523","0.110680066467467","5.73058778256881E-06","25380.5","25379.4227910726","25379.2773528959"
"3774","09:27:00","BULL","0.241310714067367","0.140252105153195","0.239379761638702","10.3573772495035","53.3080340067857","0.101058608914173","9.71246816926684E-06","25380.75","25379.6641017867","25379.417605001"
"3775","09:27:31","BULL","0.309006286719523","0.191520612144814","0.377674350434972","10.4638820186094","54.7561727333065","0.117485674574709","1.69000363988886E-05","25381.5","25380.1094717098","25379.6805541846"
"3776","09:28:00","BULL","0.310674565163936","0.211829306677828","0.49082446853572","11.4336964331393","55.4130136231063","0.0988452584861079","2.42057986544219E-05","25382.0","25380.6019644568","25379.9876215865"
"3777","09:28:30","BULL","0.0765023301755718","0.0862129101260507","0.0379472924360016","11.0545638429104","52.4558701875876","0.00971057995047886","1.87062037647036E-05","25380.75","25380.4057395142","25379.9309773538"
"3778","09:29:00","BULL","0.360113476755942","0.250337757690431","0.440138693811605","11.030278092164","56.363998191877","0.10977571906551","2.98537018626594E-05","25382.75","25381.1294893546","25380.371791302"
"3779","09:29:30","BULL","0.538439952055342","0.372754569878452","0.769204385844205","12.7513439268654","59.0364693454509","0.165685382176889","4.40562012264081E-05","25384.5","25382.0770202157","25380.9588315861"
"3780","09:30:00","BULL","0.448806241765851","0.339521708348911","0.492985406599473","13.0064110247175","58.881598884784","0.10928453341694","4.75085732709878E-05","25384.5","25382.480371912","25381.2745437707"
"3781","09:30:31","BULL","0.470510892024322","0.369544584202231","0.630624423585687","15.2627985368911","59.950529659149","0.100966307822091","5.48967317745376E-05","25385.25","25383.1327009859","25381.7393264501"
"3782","09:31:00","BULL","0.302318829009891","0.288998387968604","0.425056346572092","16.5023789545199","58.5650426750118","0.0133204410412873","5.45681864621026E-05","25384.75","25383.3895652694","25382.0045153143"
"3783","09:31:30","BEAR","-0.22785484238193","-0.0163030458061257","-0.334044807354076","14.9879667159731","50.6962453004241","0.211551796575804","3.4295157652954E-05","25381.5","25382.5253467907","25381.6548789351"
"3784","09:32:00","BEAR","-0.975682887568837","-0.469398900851957","-1.13694575147019","14.810146551385","41.0447572959314","0.50628398671688","2.707432769684E-06","25376.25","25380.640572994","25380.7092895581"
"3785","09:32:30","BEAR","-1.20737690800888","-0.661655694875662","-1.47568288756884","16.3773401597277","37.0727521309487","0.54572121313322","3.35910249352287E-05","25373.5","25378.933196086","25379.7857291013"
"3786","09:33:00","BEAR","-0.9506637511804","-0.577098916677642","-1.16192236255301","17.8393886202341","37.6633441999922","0.373564834502758","4.74582054833376E-05","25373.75","25378.0279868803","25379.2324397084"
"3787","09:33:30","BEAR","-0.37698935014123","-0.287443237539264","-0.405209205724532","16.873989012901","43.9792399091415","0.0895461126019654","4.07521682898993E-05","25376.5","25378.1964520756","25379.2307107566"
"3788","09:34:01","BEAR","-0.27952021209785","-0.240793314689654","-0.286080259233131","15.3794630467923","44.4801153431373","0.0387268974081962","4.05726786774679E-05","25376.75","25378.0078409544","25379.0375364895"
"3789","09:34:30","BEAR","-0.526219016512186","-0.39019621895568","-0.643156575737521","15.5835597168647","41.1099292413027","0.136022797556507","5.27564978832702E-05","25374.75","25377.1179855743","25378.4568640801"
"3790","09:35:00","BEAR","-0.285914732517995","-0.279338529169763","-0.571673561964417","15.7186882575974","43.1667130932645","0.0065762033482315","5.38691563665021E-05","25375.5","25376.7866162963","25378.1537160271"
"3791","09:35:30","BEAR","-0.0562442852788081","-0.147292682857369","-0.0131874597900605","14.5694631518395","46.0247929939025","0.091048397578561","4.5164097298917E-05","25376.75","25377.0030992838","25378.1492804871"
"3792","09:36:02","BULL","0.259767072373506","0.0413383663035347","0.261937532901356","13.2509260601636","50.2307122360529","0.218428706069972","3.05865875026905E-05","25378.75","25377.5810481743","25378.3572855201"
"3793","09:36:32","BULL","0.282784629460366","0.0906893608953396","0.623403436005901","13.2162811992126","51.4142829518008","0.192095268565026","1.61940091805984E-05","25379.5","25378.2274691674","25378.6384510715"
"3794","09:37:00","BEAR","-0.305820840356319","-0.224070170072082","-0.262669915991864","12.8368242031633","45.049080552206","0.0817506702842365","2.965044601891E-05","25376.0","25377.3761937816","25378.1286666157"
"3795","09:37:30","BEAR","-0.390712918968347","-0.286630380629504","-0.533093567632022","13.1811885520209","43.5694664933865","0.104082538338844","3.80168260599364E-05","25375.0","25376.7582081354","25377.722988616"
"3796","09:38:00","BULL","0.163796867949713","0.0207131023307738","0.200196171939751","12.1266051613464","49.8277526763493","0.14308376561894","2.12904996632235E-05","25378.25","25377.5129140942","25378.0532255279"
"3797","09:38:33","BEAR","-0.254414132832608","-0.201214222608542","-0.199839495686319","11.7159512771763","45.5761666841362","0.0531999102240661","3.02104871236294E-05","25375.75","25376.8948635977","25377.6615351148"
"3798","09:39:00","BEAR","-0.133776852486335","-0.138967063085147","-0.163505041924509","11.8709361222869","46.4162725736507","0.00519021059881197","2.83002374873126E-05","25376.25","25376.8519958362","25377.5701870993"
"3799","09:39:30","BEAR","-0.741685193355806","-0.491945256624604","-0.906504125214269","13.2205806575831","39.7150379265401","0.249739936731203","5.26426983780133E-05","25372.0","25375.3375833701","25376.6734799379"
"3800","09:40:00","BEAR","-1.34237053010293","-0.87366475599265","-1.69623064789994","15.9095255023546","33.8627274312808","0.468705774110276","8.90294031184006E-05","25367.0","25373.0406673854","25375.2998151819"
"3801","09:40:30","BEAR","-3.48673291305749","-2.1714109697059","-4.20600689373532","20.4896100122746","21.9017854017577","1.31532194335159","0.000194631027414081","25351.0","25366.6902981087","25371.6284042122"
"3802","09:41:00","BEAR","-1.99740957349422","-1.46914507236579","-2.44127836760163","23.2432837846474","30.966661889345","0.528264501128433","0.000195837472350553","25356.75","25365.7383430807","25370.7068781875"
"3803","09:41:30","BEAR","-1.88631031219848","-1.47775257114336","-2.36104593712662","25.6506966353638","30.0410395790243","0.40855774105512","0.000218780581230542","25355.0","25363.4883964049","25369.0386494259"
"3804","09:42:01","BEAR","-0.828468767831509","-0.92544960518353","-1.06812849401467","26.6077418727877","36.9553915294381","0.0969808373520209","0.000199603975651327","25359.75","25363.4781094552","25368.5417712492"
"3805","09:42:30","BEAR","-0.892714115831041","-0.964295674533787","-1.14665058601167","27.8479461309626","35.7850065319064","0.0715815587027464","0.000202763909394388","25358.25","25362.2672135212","25367.410808908"
"3806","09:43:00","BEAR","-0.746931384026539","-0.876993138634134","-0.801805024919304","29.2588330065133","36.076419099221","0.130061754607596","0.000195936673678257","25358.25","25361.6111912281","25366.581434817"
"3807","09:43:30","BEAR","-0.751621545605303","-0.877370209331275","-0.974204111298604","31.1808813264342","35.4191946960434","0.125748663725972","0.000195253530723214","25357.25","25360.6322969552","25365.5850169887"
"3808","09:44:00","BEAR","-0.490996140622883","-0.714446062411298","-0.433439727425139","32.3080195550525","37.4310315521568","0.223449921788415","0.000180474994664623","25358.25","25360.4594826328","25365.0372375929"
"3809","09:44:30","BULL","0.0817469593239366","-0.366358228806348","0.0999129502852156","31.5803350153773","41.9630787140515","0.448105188130285","0.000151715650059373","25361.5","25361.132138683","25364.9804031736"
"3810","09:45:00","BULL","0.261098751845566","-0.221489644653047","0.263565141143772","31.4430753744119","43.8484429437265","0.482588396498613","0.000129277148133047","25362.75","25361.5750556167","25364.8541516242"
"3811","09:45:30","BULL","0.341725425067125","-0.131234395052161","0.306553297301434","29.8509587951507","45.0428159335678","0.472959820119286","0.000109777999984119","25363.5","25361.9622355872","25364.746726753"
"3812","09:46:00","BEAR","-0.0468527513949084","-0.31034585856105","-0.112820029480645","29.1495348955823","42.2031167261204","0.263493107166141","0.000107925677138431","25361.25","25361.4608373813","25364.1982856563"
"3813","09:46:30","BULL","0.234393203405489","-0.115256230306841","0.453147248605092","28.0459036189399","45.5628037802551","0.349649433712329","8.47529714969148E-05","25363.25","25362.1952305847","25364.3449341879"
"3814","09:47:00","BEAR","-0.114008866636141","-0.278882621070807","-0.0837886147746758","26.8415530613568","43.0440862407901","0.164873754434666","8.42277824834216E-05","25361.25","25361.7630398999","25363.8993849002"
"3815","09:47:30","BULL","0.129860514076427","-0.123070670764719","0.158718406091793","26.6237379466209","45.3911721314742","0.252931184841145","6.91353601060034E-05","25362.75","25362.1656276867","25363.9191713723"
"3816","09:48:00","BEAR","-0.0301141248492058","-0.182778225927905","0.129860514076427","26.7435158393021","44.2879452197023","0.152664101078699","6.31168673147962E-05","25362.0","25362.1355135618","25363.7363931463"
"3817","09:48:31","BULL","0.363790922645421","0.054583872686635","0.333522238786827","25.5335875433813","48.4531349672613","0.309207049958786","4.40984536862115E-05","25364.5","25362.8629408481","25363.9814532095"
"3818","09:49:01","BULL","0.128225630924135","-0.0537891945568845","0.0456091044652567","25.1343689979729","46.5576228834067","0.182014825481019","4.28963467822182E-05","25363.25","25362.6729846608","25363.7609973483"
"3819","09:49:32","BULL","0.0305317145575827","-0.0917503143464273","0.037316540016036","23.1580045599693","45.6100291401904","0.12228202890401","3.97822013208054E-05","25362.75","25362.6126072845","25363.6216279863"
"3820","09:50:00","BEAR","-0.0411352087467094","-0.123828515701462","-0.105831921806384","22.7015061335805","44.8908679312702","0.0826933069547522","3.90823560395727E-05","25362.25","25362.4351084394","25363.4263708992"
"3821","09:50:31","BULL","0.309319126725313","0.0841098009877896","0.322501154885686","20.4044599655174","49.4333633872121","0.225209325737524","2.33756486060854E-05","25364.5","25363.1080639297","25363.7009568906"
"3822","09:51:01","BULL","0.298533830959059","0.0999088675598614","0.309319126725313","19.0328294956455","49.9603696002955","0.198624963399197","1.55445155718432E-05","25364.75","25363.4065977607","25363.8008657582"
"3823","09:51:31","BEAR","-0.00781116310463403","-0.0581323397855158","-0.0651025326769741","18.4756991525267","46.6032772286125","0.0503211766808818","2.03877985525329E-05","25363.0","25363.0351502339","25363.5522572279"
"3824","09:52:01","BEAR","-0.382424009476381","-0.280487082934997","-0.689629344920831","18.808623685284","42.3915424178401","0.101936926541384","3.72086275998399E-05","25360.25","25361.9709080427","25362.9146272879"
"3825","09:52:31","BEAR","-0.680660966430878","-0.479397610182787","-1.10969673675208","20.0181249738333","38.7654634135782","0.201263356248091","5.88005581677811E-05","25357.5","25360.5629743489","25362.0542772967"
"3826","09:53:00","BEAR","-0.639549055184034","-0.479092168850912","-0.726115511886746","20.7409791958479","37.8285711599769","0.160456886333122","6.59819595017406E-05","25357.0","25359.8779707483","25361.5513756041"
"3827","09:53:30","BEAR","-0.225746747630183","-0.261128742335131","-0.275912691548001","20.8854408250832","42.2057359238518","0.0353819947049487","5.77593518255177E-05","25359.0","25360.0158603643","25361.4807230522"
"3828","09:54:00","BEAR","-0.659908495992568","-0.514037116085092","-0.86211038399415","21.5445284200929","37.625796222443","0.145871379907476","7.54620101251584E-05","25355.75","25358.719588232","25360.6333526028"
"3829","09:54:31","BEAR","-0.457280504986556","-0.419729726341757","-0.614453950536699","21.9911871539411","38.8114950973267","0.0375507786447997","7.6090380974403E-05","25356.25","25358.3077622724","25360.2374324003"
"3830","09:55:00","BEAR","-0.254303884245019","-0.31286204265416","-0.366371414078458","20.0456312683458","40.6126225700495","0.0585581584091415","7.20750761271491E-05","25357.0","25358.1443674791","25359.9721894052"
"3831","09:55:35","BEAR","-0.352694913555752","-0.356761802762776","-0.20884933878915","19.6646774981673","39.4837996191364","0.00406688920702436","7.1062131382444E-05","25356.25","25357.837127111","25359.6392371263"
"3832","09:56:00","BULL","0.54614217816561","0.155673561672302","0.55639599553615","18.4052252295194","50.9891683010737","0.390468616493308","3.85934740988276E-05","25361.75","25359.2923601982","25360.2711011641"
"3833","09:56:35","BULL","0.777422112711065","0.322253403868672","0.727960359985445","18.6572425698129","54.7001365730225","0.455168708842393","1.72310845921954E-05","25363.75","25360.2516004928","25360.6885926632"
"3835","09:57:31","BEAR","-0.289869945583632","-0.218712552130455","-0.520952155711711","17.1399414130176","44.2135836195986","0.0711573934531771","3.04949573553726E-05","25358.0","25359.3044147551","25360.0777692452"
"3836","09:58:01","BEAR","-0.551215905892604","-0.374753533560579","-0.562597218311566","17.2824459666606","40.6775562214541","0.176462372332026","4.25751466332961E-05","25356.0","25358.4804715765","25359.5601585688"
"3837","09:58:31","BEAR","-0.182399790770432","-0.18600149634949","-0.27848863316467","16.3904766616258","44.2571142651523","0.00360170557905803","3.73120338344089E-05","25357.75","25358.5707990585","25359.5170142153"
"3838","09:59:00","BEAR","-0.0665915643512562","-0.122935594201408","-0.136945245314564","15.7704122704196","45.3998921503669","0.0563440298501519","3.42368310341898E-05","25358.25","25358.5496620396","25359.4178881449"
"3839","09:59:30","BULL","0.106673017602589","-0.0103204128936341","0.297044799284777","15.2178495477952","48.155019265458","0.116993430496223","2.2795018308469E-05","25359.5","25359.0199714208","25359.5980439225"
"3840","10:00:00","BEAR","-0.243300588907005","-0.190743412120355","-0.0751451642172469","15.0323472180251","44.3840774063423","0.0525571767866495","2.82819093557249E-05","25357.5","25358.5948526501","25359.3120624151"
"3841","10:00:30","BEAR","-0.847824448777828","-0.543325672191713","-0.925118770723202","15.5017805331773","37.8016662014557","0.304498776586115","5.30941719811192E-05","25353.25","25357.0652100195","25358.4115938858"
"3842","10:01:00","BEAR","-0.111029920899455","-0.161648397286626","-0.30236990332196","15.1039103671657","45.3756501053048","0.0506184763871715","4.08550850137587E-05","25357.0","25357.499634644","25358.5356597742"
"3843","10:01:30","BEAR","-0.119768282391306","-0.165527688248403","-0.201939011807553","13.5067741773971","44.9140641094039","0.0457594058570976","4.07580496346213E-05","25356.75","25357.2889572707","25358.3225130384"
"3844","10:02:01","BULL","0.129280496228603","-0.0307155274640536","-0.119768282391306","13.2874012469915","47.6908687569818","0.159996023692656","3.4448682542183E-05","25358.0","25357.418237767","25358.2917975109"
"3845","10:02:30","BEAR","-0.464472982421285","-0.365658719856583","-0.734355867411068","12.0331738383051","40.8678773276618","0.0988142625647015","5.45649551284464E-05","25354.0","25356.0901284209","25357.4737578387"
"3846","10:03:00","BEAR","-0.0205192170251394","-0.130153807767783","-0.191745709696988","11.240318817212","45.7114608066667","0.109634590742644","4.51197991925257E-05","25356.25","25356.3423364766","25357.4864611738"
"3847","10:03:30","BEAR","-0.169681012277579","-0.21639766280714","-0.429610126117041","11.6484455603069","43.8956954630441","0.0467166505295609","5.09606972023381E-05","25355.0","25355.7635645552","25357.0557777967"
"3848","10:04:00","BEAR","-0.824780332357477","-0.588078611021047","-0.896953739549645","12.7192048346214","36.4842065751153","0.236701721336431","7.39560219924625E-05","25350.5","25354.2115114956","25356.0867468047"
"3849","10:04:30","BEAR","-0.699613660355681","-0.538873845347553","-0.688416695997148","14.1136899006515","36.6562415632744","0.160739815008128","7.77358279333942E-05","25350.5","25353.6482614716","25355.6193015308"
"3850","10:05:00","BEAR","-0.398857457650593","-0.394582005195844","-0.65415911490345","12.3914709131426","39.0060556294632","0.00427545245474903","7.70519164007337E-05","25351.5","25353.2948585594","25355.2485290494"
"3851","10:05:30","BEAR","-1.04121395295078","-0.768567392457044","-1.21703927583076","13.4138402711734","31.5352794764328","0.27264656049374","0.000103175914563689","25346.75","25351.4354627883","25354.0513902284"
"3852","10:06:00","BEAR","-1.29818331688148","-0.953873899299651","-1.58666849840665","14.8904178826458","28.1771237105731","0.344309417581826","0.000127006706102161","25343.75","25349.5918249259","25352.8118020433"
"3853","10:06:30","BEAR","-1.50843097827237","-1.12153216739171","-1.84363786233371","17.4016055154844","25.2782108080638","0.386898810880666","0.000152520787538456","25340.75","25347.5379394022","25351.4045555902"
"3854","10:07:00","BEAR","-1.15979063511622","-0.971635679794417","-1.41752188736427","18.9059589683001","26.633002999083","0.188154955321806","0.000158240830736599","25341.25","25346.469057858","25350.4805389581"
"3855","10:07:30","BEAR","-1.21751465186753","-1.03216017287559","-1.43251790784416","19.3129921971857","24.911808898832","0.18535447899194","0.000170683402163577","25339.5","25344.9788159334","25349.3055216423"
"3856","10:08:00","BEAR","-1.13664421929934","-1.01775943078974","-1.4447873791396","20.6003303325653","24.5063272205949","0.118884788509604","0.000179650674450186","25338.5","25343.6148989868","25348.1687145925"
"3857","10:08:30","BEAR","-1.96717171661658","-1.51153290903676","-2.18209876475157","23.2257867015943","18.7617816172627","0.455638807579817","0.000217283441368294","25331.75","25340.6022727248","25346.1095626358"
"3858","10:09:00","BEAR","-1.49380165243929","-1.29047988822276","-1.60353535298054","25.5105352826676","21.4056749451512","0.203321764216525","0.000218482912355899","25332.75","25339.472107436","25345.0095589381"
"3859","10:09:31","BEAR","-1.02798647596137","-1.05759971746011","-1.31198347061945","25.9439762945068","22.9651817143844","0.0296132414987369","0.000213906568743323","25334.0","25338.6259391418","25344.0471973159"
"3860","10:10:00","BEAR","-0.878269926615758","-0.978417884958617","-1.07344102141724","27.0118794506578","22.1977415439249","0.100147958342859","0.000210817415337999","25333.75","25337.7022146698","25343.0449699071"
"3861","10:10:30","BEAR","-1.23924564243498","-1.18682253083534","-1.51463356297972","29.6547918600012","19.2990261371917","0.0524231115996372","0.000224856581985325","25330.25","25335.826605391","25341.5248140429"
"3862","10:11:00","BULL","0.258799019826256","-0.339097936062899","0.26075435756502","29.0719764426948","39.8788300800758","0.597896955889155","0.000173073590342164","25338.75","25337.5854044108","25341.9714303926"
"3863","10:11:30","BULL","1.07538101621685","0.190929531770962","1.25879901982626","26.1800346317989","49.3067302225271","0.88445148444589","0.000119378979834313","25344.5","25339.660785427","25342.6861694482"
"3864","10:12:00","BULL","0.768286947153683","0.108119916501892","0.939017379852885","24.8915964541442","48.2220365470312","0.660167030651792","9.58915136626508E-05","25343.75","25340.2927087378","25342.7228607932"
"3865","10:12:30","BULL","1.05008601461304","0.349523461867648","1.45010512897352","24.0351975672682","52.4732241389406","0.700562552745396","5.54350458578475E-05","25346.75","25342.0246129342","25343.4295271123"
"3866","10:13:00","BULL","0.776516656587773","0.270884039196972","1.00463146916081","23.0394147065191","51.6817292721371","0.505632617390802","3.63375289528316E-05","25346.25","25342.7556750454","25343.6766016276"
"3867","10:13:30","BULL","0.693183049603249","0.283634312108916","0.958334838403971","22.9358457699176","52.3280540663199","0.409548737494333","1.67612384941404E-05","25346.75","25343.6306762768","25344.055474035"
"3868","10:14:00","BULL","1.17045555297955","0.603560295985517","1.37500123141945","21.4477466179129","58.088771022465","0.56689525699403","1.84167498729011E-05","25350.75","25345.4829500116","25345.0161771881"
"3869","10:14:30","BULL","1.30062065905076","0.742223487752199","1.53409191661558","19.329930243618","60.9252846475879","0.558397171298566","4.72789625568598E-05","25353.0","25347.1472070343","25345.9488768663"
"3870","10:15:00","BULL","1.37819376236439","0.848406284836528","1.5733479317787","18.1198327684976","63.3264183620122","0.529787477527861","7.33022512788791E-05","25355.0","25348.7981280694","25346.940140294"
"3871","10:15:31","BULL","1.16067092953745","0.799351718025719","1.69637558054455","17.6562578783256","62.7049236681314","0.361319211511727","9.3531281183429E-05","25355.5","25350.2769808171","25347.9061586787"
"3872","10:16:00","BULL","0.623193570449075","0.531613005652616","0.706125474993314","16.8695197142742","58.4207515282294","0.0915805647964589","8.86040237710943E-05","25353.25","25350.445628933","25348.1996764463"
"3873","10:16:30","BULL","0.790877384086343","0.648783649106917","1.07773902499321","16.4362499274328","60.5014570593943","0.142093734979426","0.000102745179098631","25355.25","25351.6910517716","25349.0865553335"
"3874","10:17:00","BULL","0.647081496070314","0.586994730143488","0.790877384086343","15.8907966372188","60.5014570593943","0.060086765926826","0.000105113117089217","25355.25","25352.3381332677","25349.6735500636"
"3875","10:17:30","BEAR","-0.0738754701596918","0.184151694622415","-0.0347366857495217","15.4222284581502","53.3618986452873","0.258027164782106","8.21270900285883E-05","25351.25","25351.5824396157","25349.5005589011"
"3876","10:18:00","BULL","0.369308499623003","0.420581691956613","0.562488166207913","14.6148858766039","57.2345182719119","0.0512731923336105","9.20557948513976E-05","25354.25","25352.5881117517","25350.2544739264"
"3877","10:18:30","BULL","0.690591251761361","0.60048094125159","0.732944863259036","13.6726249810073","60.6210969777186","0.0901103105097718","0.00010243791783724","25356.75","25353.6423393671","25351.0454310581"
"3878","10:19:00","BULL","0.23445069358786","0.361886384485842","0.508773069941526","12.4815335853882","57.1091601382035","0.127435690897983","9.39948403466916E-05","25354.75","25353.6949718789","25351.3120793474"
"3879","10:19:30","BULL","0.286864617064566","0.387511717482994","0.461723420859926","11.7375863935194","58.3341562958752","0.100647100418428","9.42918759933689E-05","25355.5","25354.2091092232","25351.8186386839"
"3880","10:20:00","BEAR","-0.269424817441177","0.053553685433144","-0.4404081102075","11.9808376886294","51.873996499419","0.322978502874321","6.78923252993633E-05","25352.0","25353.2124116785","25351.4912399884"
"3881","10:20:30","BULL","0.391131760934513","0.397659683643724","0.36693881892279","11.8109839368667","57.5315804093054","0.00652792270921054","7.95856888547281E-05","25356.0","25354.2399070758","25352.2222330054"
"3882","10:21:00","BULL","0.43158714324818","0.42441318316196","0.527495397302118","10.4623950161296","58.5071416879745","0.00717396008622018","8.24283648511454E-05","25356.75","25354.8078578554","25352.71807476"
"3883","10:21:30","BULL","0.295265513894265","0.345444127171504","0.249768961428344","10.6383107579433","57.371867517786","0.0501786132772395","7.7033362482352E-05","25356.25","25354.9213051875","25352.9682807919"
"3884","10:22:00","BEAR","-0.436105075408705","-0.0774779892490187","-0.477461758830032","10.3947926910603","49.7613172454584","0.358627086159686","4.83752141497555E-05","25351.75","25353.7124728393","25352.4860408979"
"3885","10:22:30","BEAR","-0.117143822026264","0.0636877149408974","-0.254286893592507","12.0484054250146","52.1900894648097","0.180831536967162","4.46572928606138E-05","25353.25","25353.7771471991","25352.6449667081"
"3886","10:23:00","BULL","0.131427781976527","0.176669837328518","-0.117143822026264","12.5263581361106","54.2762798310775","0.0452420553519914","4.28724838323583E-05","25354.5","25353.9085749811","25352.8216365454"
"3887","10:23:30","BEAR","-0.570154128796275","-0.230178537203756","-0.641299490751408","14.6263685539594","46.6262060563487","0.33997559159252","1.4949301245819E-05","25350.0","25352.5656935796","25352.1866961034"
"3888","10:24:00","BULL","0.368221002059727","0.270201278133754","0.338936780295626","15.0123193980353","55.3963439198307","0.0980197239259724","3.58900340972039E-05","25355.5","25353.8430054907","25352.9330878577"
"3889","10:24:30","BULL","0.264081646313571","0.222925872960332","0.322766456607496","15.1298154946561","55.0351231529323","0.0411557733532391","3.66593120412676E-05","25355.25","25354.0616325916","25353.1322042069"
"3890","10:25:00","BULL","0.831769280870503","0.563372841974342","1.1277180099496","13.5071611542767","60.4527876996269","0.268396438896161","6.34641809897732E-05","25359.5","25355.7570382361","25354.1479580012"
"3891","10:25:31","BULL","0.300373213271087","0.292031210767163","0.422678371778602","12.9756341450809","55.9797879326172","0.00834200250392314","5.61096623175552E-05","25357.0","25355.6483205403","25354.2257034977"
"3892","10:26:02","BULL","0.0515450257335033","0.154241390238894","0.118555031451251","12.6726694264483","53.8191753296211","0.102696364505391","4.86442668655144E-05","25355.75","25355.5180473842","25354.2847067927"
"3893","10:26:30","BULL","0.108288905350491","0.180368060558976","0.18790866209747","11.5079509268979","54.5293784822768","0.0720791552084847","4.83620160447477E-05","25356.25","25355.7626999259","25354.5365034247"
"3894","10:27:00","BULL","0.7001702614034","0.512396499234455","0.744652541714458","11.2037000649673","60.271281354671","0.187773762168945","6.7717400218659E-05","25360.25","25357.0992338237","25355.3822332573"
"3895","10:27:30","BULL","0.0480731890856987","0.149537875724491","-0.163466102232633","10.1555128405208","53.586434961205","0.101464686638792","4.74966159624713E-05","25356.5","25356.2836706491","25355.0793901806"
"3896","10:28:00","BULL","0.17982847701569","0.219196400030341","0.275345916357765","9.45902099314512","54.8716323643513","0.0393679230146518","5.02116617471007E-05","25357.5","25356.6907718534","25355.4176341997"
"3897","10:28:36","BULL","0.386801811775513","0.332107400485256","0.361646658835525","8.81227856343912","57.0806138790613","0.0546944112902565","5.57824893120671E-05","25359.0","25357.259391847","25355.8449796954"
"3898","10:29:00","BEAR","-0.0306332283835218","0.114537081160961","0.295892720867414","9.07502911428081","53.4519021587535","0.145170309544483","4.83497420125326E-05","25357.0","25357.1378495277","25355.911897729"
"3899","10:29:30","BULL","0.470804218100966","0.375737631256925","0.242094044344412","8.55271317680523","58.7724181457485","0.095066586844041","5.72197461268685E-05","25360.0","25357.8813810185","25356.4304925031"
"3900","10:30:00","BULL","0.190988575141091","0.229975770685996","0.288986036281131","8.33704653819457","56.6102178612286","0.0389871955449053","5.22673801165794E-05","25358.75","25357.8905514119","25356.5652301785"
"3901","10:30:30","BULL","0.371139412720368","0.335057443317055","0.509170393321256","8.21430166364131","59.069698512114","0.0360819694033125","5.96645643986812E-05","25360.25","25358.5798726428","25357.0669542885"
"3902","10:31:00","BULL","0.0805190236278577","0.173895509935392","0.0984121399924334","9.51280125319316","55.6168853099731","0.0933764863075339","5.08603838835418E-05","25358.75","25358.3876643937","25357.0979926556"
"3903","10:31:30","BULL","0.25182961437531","0.265043783369038","0.307791750903561","8.39573867018865","57.8290872442121","0.0132141689937271","5.4606473652289E-05","25360.0","25358.8667667353","25357.482084058"
"3904","10:32:01","BULL","0.693645717547042","0.509642788125348","0.570011432555475","9.17816357149878","62.7779406674737","0.184002929421695","6.783618634883E-05","25363.0","25359.878594271","25358.1583935128"
"3905","10:32:30","BULL","1.03033823171063","0.724143928484409","1.14819117209117","12.0337847611828","66.8850106564707","0.306194303226221","8.84433380166247E-05","25366.0","25361.3634779573","25359.1206326794"
"3906","10:33:00","BULL","1.05788004082206","0.782161967043066","1.34852004989079","13.4181369330143","68.3327916428843","0.275718073778989","0.000105286718842979","25367.5","25362.7395398163","25360.0694613131"
"3907","10:33:30","BULL","0.960579537531885","0.767761054081348","1.28515276809412","14.8837565086713","68.7771239936095","0.192818483450537","0.000117153393715072","25368.25","25363.9273920811","25360.9562699862"
"3908","10:34:00","BULL","1.04625929103713","0.845434604489128","1.27876135571205","16.779367414422","71.6298889597769","0.200824686548003","0.000131041167006389","25370.0","25365.2918331903","25361.9683712574"
"3909","10:34:31","BULL","0.603964213329164","0.616390946011961","0.682622927401098","18.583008487905","66.4468470041421","0.0124267326827976","0.000123721561604988","25368.25","25365.53216104","25362.3942860129"
"3910","10:35:00","BULL","0.502417000989226","0.559954620086501","0.558509667873295","18.5792675370361","66.4733824697736","0.0575376190972747","0.000120596963141581","25368.25","25365.9891234955","25362.9304311092"
"3911","10:35:30","BULL","0.820159364444407","0.743587059896527","1.00241700098923","20.64983351047","70.1133038608836","0.0765723045478808","0.000132998283044726","25371.0","25367.30928286","25363.935922931"
"3912","10:36:00","BULL","0.171039479999308","0.388188745801017","0.320159364444407","21.9856514798029","61.5129976852836","0.217149265801709","0.000115049214171758","25367.75","25366.98032234","25364.0622069149"
"3913","10:36:31","BULL","0.35894965719126","0.467998434411129","0.216494025455177","21.6996688251646","63.72231966842","0.109048777219868","0.000111601081882855","25369.0","25367.3847265426","25364.5540148731"
