Timestamp,Bar,Open,High,Low,Close,PNL,CandleType
2025-12-08 01:00:30,0,25748.50,25771.00,25745.00,25757.00,8.50,good
2025-12-08 01:01:00,1,25759.00,25759.00,25744.25,25753.00,-6.00,bad
2025-12-08 01:01:30,2,25752.75,25754.75,25747.75,25748.00,-4.75,bad
2025-12-08 01:02:00,3,25749.50,25749.50,25730.25,25740.75,-8.75,bad
2025-12-08 01:02:30,4,25741.50,25746.75,25739.50,25746.25,4.75,good
2025-12-08 01:03:00,5,25746.25,25746.75,25737.25,25739.25,-7.00,bad
2025-12-08 01:03:30,6,25740.00,25740.50,25733.00,25737.25,-2.75,bad
2025-12-08 01:04:00,7,25737.00,25741.75,25734.25,25737.50,0.50,good
2025-12-08 01:04:30,8,25737.50,25739.00,25731.00,25734.00,-3.50,bad
2025-12-08 01:05:00,9,25732.75,25739.00,25732.50,25738.50,5.75,good
2025-12-08 01:05:30,10,25737.75,25738.75,25733.00,25735.00,-2.75,bad
2025-12-08 01:06:00,11,25735.00,25735.50,25724.00,25725.00,-10.00,bad
2025-12-08 01:06:30,12,25725.00,25734.00,25719.00,25731.25,6.25,good
2025-12-08 01:07:00,13,25731.50,25736.25,25730.25,25732.75,1.25,good
2025-12-08 01:07:30,14,25731.75,25739.50,25730.50,25739.25,7.50,good
2025-12-08 01:08:00,15,25739.00,25742.00,25735.00,25736.75,-2.25,bad
2025-12-08 01:08:30,16,25736.75,25739.25,25735.00,25737.75,1.00,good
2025-12-08 01:09:00,17,25737.50,25746.75,25734.50,25742.50,5.00,good
2025-12-08 01:09:30,18,25742.25,25747.25,25741.00,25744.00,1.75,good
2025-12-08 01:10:00,19,25743.25,25743.25,25738.50,25740.25,-3.00,bad
2025-12-08 01:10:30,20,25739.75,25740.25,25735.75,25736.50,-3.25,bad
2025-12-08 01:11:00,21,25736.50,25739.00,25735.00,25738.50,2.00,good
2025-12-08 01:11:30,22,25738.75,25740.25,25737.75,25740.00,1.25,good
2025-12-08 01:12:00,23,25740.00,25743.00,25739.00,25742.25,2.25,good
2025-12-08 01:12:30,24,25742.25,25743.25,25737.75,25739.00,-3.25,bad
2025-12-08 01:13:00,25,25739.00,25740.75,25737.75,25738.25,-0.75,bad
2025-12-08 01:13:30,26,25737.50,25738.00,25734.00,25734.00,-3.50,bad
2025-12-08 01:14:00,27,25734.75,25735.50,25732.25,25732.50,-2.25,bad
2025-12-08 01:14:30,28,25732.75,25733.00,25723.25,25726.25,-6.50,bad
2025-12-08 01:15:00,29,25727.00,25729.50,25724.75,25729.50,2.50,good
2025-12-08 01:15:30,30,25729.00,25730.25,25725.00,25727.00,-2.00,bad
2025-12-08 01:16:00,31,25726.75,25731.00,25726.50,25729.50,2.75,good
2025-12-08 01:16:30,32,25729.75,25733.00,25729.00,25731.50,1.75,good
2025-12-08 01:17:00,33,25732.50,25736.75,25732.50,25735.75,3.25,good
2025-12-08 01:17:30,34,25736.50,25737.50,25734.00,25736.50,0.00,good and bad
2025-12-08 01:18:00,35,25736.75,25743.25,25736.50,25741.00,4.25,good
2025-12-08 01:18:30,36,25740.00,25742.75,25737.75,25739.00,-1.00,bad
2025-12-08 01:19:00,37,25739.00,25739.00,25734.00,25737.50,-1.50,bad
2025-12-08 01:19:30,38,25737.50,25737.50,25733.25,25733.75,-3.75,bad
2025-12-08 01:20:00,39,25733.25,25737.50,25730.50,25736.25,3.00,good
2025-12-08 01:20:30,40,25736.75,25742.75,25736.75,25741.25,4.50,good
2025-12-08 01:21:00,41,25740.50,25742.50,25736.25,25742.50,2.00,good
2025-12-08 01:21:30,42,25741.50,25751.50,25741.00,25750.50,9.00,good
2025-12-08 01:22:00,43,25751.00,25754.75,25748.75,25752.00,1.00,good
2025-12-08 01:22:30,44,25751.50,25752.50,25746.50,25750.75,-0.75,bad
2025-12-08 01:23:00,45,25751.50,25752.00,25745.25,25746.00,-5.50,bad
2025-12-08 01:23:30,46,25745.50,25747.50,25743.75,25743.75,-1.75,bad
2025-12-08 01:24:00,47,25744.50,25750.75,25744.50,25750.50,6.00,good
2025-12-08 01:24:30,48,25749.75,25754.75,25748.75,25753.00,3.25,good
2025-12-08 01:25:00,49,25752.50,25754.50,25747.75,25748.50,-4.00,bad
2025-12-08 01:25:30,50,25749.25,25752.25,25747.75,25748.50,-0.75,bad
2025-12-08 01:26:00,51,25748.50,25748.75,25745.75,25746.25,-2.25,bad
2025-12-08 01:26:30,52,25745.50,25746.50,25734.25,25740.75,-4.75,bad
2025-12-08 01:27:00,53,25741.00,25742.00,25738.25,25738.25,-2.75,bad
2025-12-08 01:27:30,54,25738.00,25741.00,25736.75,25738.00,0.00,good and bad
2025-12-08 01:28:00,55,25738.00,25740.50,25736.50,25740.50,2.50,good
2025-12-08 01:28:30,56,25740.75,25745.00,25738.50,25742.75,2.00,good
2025-12-08 01:29:00,57,25743.25,25745.75,25743.25,25745.25,2.00,good
2025-12-08 01:29:30,58,25745.75,25748.50,25744.75,25746.50,0.75,good
2025-12-08 01:30:00,59,25747.25,25747.25,25745.75,25746.75,-0.50,bad
2025-12-08 01:30:30,60,25746.50,25751.25,25745.75,25748.50,2.00,good
2025-12-08 01:31:00,61,25748.00,25748.75,25743.75,25748.00,0.00,good and bad
2025-12-08 01:31:30,62,25747.75,25752.50,25745.50,25748.75,1.00,good
2025-12-08 01:32:00,63,25748.75,25751.25,25746.00,25746.25,-2.50,bad
2025-12-08 01:32:30,64,25746.25,25748.75,25744.50,25748.25,2.00,good
2025-12-08 01:33:00,65,25748.50,25750.50,25747.25,25748.25,-0.25,bad
2025-12-08 01:33:30,66,25748.25,25750.50,25745.75,25749.25,1.00,good
2025-12-08 01:34:00,67,25749.00,25750.75,25746.75,25750.25,1.25,good
2025-12-08 01:34:30,68,25749.75,25752.00,25748.50,25750.00,0.25,good
2025-12-08 01:35:00,69,25750.00,25752.50,25748.00,25749.25,-0.75,bad
2025-12-08 01:35:30,70,25750.25,25756.50,25749.75,25754.75,4.50,good
2025-12-08 01:36:00,71,25755.00,25756.50,25751.50,25751.50,-3.50,bad
2025-12-08 01:36:30,72,25752.25,25755.50,25750.50,25754.75,2.50,good
2025-12-08 01:37:00,73,25754.75,25755.50,25752.75,25754.00,-0.75,bad
2025-12-08 01:37:30,74,25754.00,25754.75,25752.00,25752.75,-1.25,bad
2025-12-08 01:38:00,75,25752.75,25754.25,25751.00,25751.50,-1.25,bad
2025-12-08 01:38:30,76,25751.50,25752.50,25747.25,25747.50,-4.00,bad
2025-12-08 01:39:00,77,25747.50,25750.75,25746.00,25750.25,2.75,good
2025-12-08 01:39:30,78,25750.75,25750.75,25748.00,25749.00,-1.75,bad
2025-12-08 01:40:00,79,25749.25,25749.50,25748.25,25748.75,-0.50,bad
2025-12-08 01:40:30,80,25749.50,25749.50,25747.25,25747.25,-2.25,bad
2025-12-08 01:41:00,81,25748.00,25748.00,25745.00,25746.25,-1.75,bad
2025-12-08 01:41:30,82,25745.75,25747.00,25743.50,25747.00,1.25,good
2025-12-08 01:42:00,83,25746.75,25746.75,25744.00,25744.75,-2.00,bad
2025-12-08 01:42:30,84,25744.25,25746.75,25740.25,25746.50,2.25,good
2025-12-08 01:43:00,85,25746.25,25749.75,25746.25,25748.00,1.75,good
2025-12-08 01:43:30,86,25748.00,25749.25,25746.75,25748.00,0.00,good and bad
2025-12-08 01:44:00,87,25748.50,25749.25,25747.25,25749.00,0.50,good
2025-12-08 01:44:30,88,25748.50,25750.00,25746.75,25748.50,0.00,good and bad
2025-12-08 01:45:00,89,25748.00,25748.75,25746.50,25746.50,-1.50,bad
2025-12-08 01:45:30,90,25746.25,25748.75,25742.75,25744.50,-1.75,bad
2025-12-08 01:46:00,91,25744.25,25744.75,25742.25,25744.75,0.50,good
2025-12-08 01:46:30,92,25745.00,25748.25,25743.75,25748.25,3.25,good
2025-12-08 01:47:00,93,25748.25,25749.50,25747.25,25749.25,1.00,good
2025-12-08 01:47:30,94,25749.25,25751.50,25748.75,25750.25,1.00,good
2025-12-08 01:48:00,95,25750.25,25750.50,25748.50,25749.00,-1.25,bad
2025-12-08 01:48:30,96,25749.25,25751.00,25749.25,25750.25,1.00,good
2025-12-08 01:49:00,97,25750.75,25750.75,25749.50,25749.75,-1.00,bad
2025-12-08 01:49:30,98,25750.50,25751.00,25748.75,25748.75,-1.75,bad
2025-12-08 01:50:00,99,25748.50,25750.50,25747.75,25748.50,0.00,good and bad
2025-12-08 01:50:30,100,25748.50,25750.25,25746.75,25747.25,-1.25,bad
2025-12-08 01:51:00,101,25747.50,25750.75,25747.50,25750.75,3.25,good
2025-12-08 01:51:30,102,25749.25,25750.50,25748.50,25750.25,1.00,good
2025-12-08 01:52:00,103,25750.75,25752.50,25750.25,25751.00,0.25,good
2025-12-08 01:52:30,104,25750.75,25751.00,25747.75,25748.75,-2.00,bad
2025-12-08 01:53:00,105,25749.00,25750.50,25747.50,25749.75,0.75,good
2025-12-08 01:53:30,106,25749.25,25751.25,25749.25,25750.50,1.25,good
2025-12-08 01:54:00,107,25751.00,25753.00,25748.75,25750.00,-1.00,bad
2025-12-08 01:54:30,108,25750.25,25752.50,25749.00,25749.00,-1.25,bad
2025-12-08 01:55:00,109,25749.75,25751.00,25749.25,25750.25,0.50,good
2025-12-08 01:55:30,110,25750.75,25753.75,25750.00,25752.25,1.50,good
2025-12-08 01:56:00,111,25752.00,25753.75,25751.00,25751.50,-0.50,bad
2025-12-08 01:56:30,112,25750.75,25752.00,25750.25,25750.50,-0.25,bad
2025-12-08 01:57:00,113,25750.00,25750.00,25746.25,25746.25,-3.75,bad
2025-12-08 01:57:30,114,25746.50,25746.50,25742.75,25745.25,-1.25,bad
2025-12-08 01:58:00,115,25745.25,25746.75,25743.50,25746.75,1.50,good
2025-12-08 01:58:30,116,25746.25,25746.50,25744.25,25746.50,0.25,good
2025-12-08 01:59:00,117,25746.75,25746.75,25743.75,25743.75,-3.00,bad
2025-12-08 01:59:30,118,25744.50,25745.25,25743.25,25744.50,0.00,good and bad
2025-12-08 02:00:00,119,25744.75,25747.25,25744.75,25745.50,0.75,good
2025-12-08 02:00:30,120,25745.75,25747.00,25735.75,25737.25,-8.50,bad
2025-12-08 02:01:00,121,25736.25,25737.25,25728.00,25730.50,-5.75,bad
2025-12-08 02:01:30,122,25730.25,25730.50,25708.50,25716.00,-14.25,bad
2025-12-08 02:02:00,123,25715.50,25725.00,25714.50,25722.25,6.75,good
2025-12-08 02:02:30,124,25722.50,25723.50,25715.75,25720.00,-2.50,bad
2025-12-08 02:03:00,125,25718.75,25723.50,25716.00,25717.75,-1.00,bad
2025-12-08 02:03:30,126,25717.25,25717.25,25709.50,25712.25,-5.00,bad
2025-12-08 02:04:00,127,25711.50,25717.50,25708.25,25717.50,6.00,good
2025-12-08 02:04:30,128,25717.75,25723.75,25714.50,25720.50,2.75,good
2025-12-08 02:05:00,129,25720.75,25721.50,25716.25,25719.75,-1.00,bad
2025-12-08 02:05:30,130,25718.50,25720.25,25713.00,25714.50,-4.00,bad
2025-12-08 02:06:00,131,25715.25,25719.00,25713.75,25718.25,3.00,good
2025-12-08 02:06:30,132,25715.75,25717.50,25713.25,25716.00,0.25,good
2025-12-08 02:07:00,133,25716.25,25721.50,25716.00,25719.00,2.75,good
2025-12-08 02:07:30,134,25718.50,25720.00,25711.25,25712.00,-6.50,bad
2025-12-08 02:08:00,135,25711.50,25714.75,25711.25,25714.50,3.00,good
2025-12-08 02:08:30,136,25714.50,25716.25,25708.75,25714.75,0.25,good
2025-12-08 02:09:00,137,25715.25,25716.50,25710.75,25711.25,-4.00,bad
2025-12-08 02:09:30,138,25712.25,25715.00,25710.00,25712.25,0.00,good and bad
2025-12-08 02:10:00,139,25711.50,25713.50,25710.50,25711.00,-0.50,bad
2025-12-08 02:10:30,140,25711.75,25712.00,25702.00,25708.50,-3.25,bad
2025-12-08 02:11:00,141,25708.25,25709.75,25706.00,25709.00,0.75,good
2025-12-08 02:11:30,142,25708.25,25709.00,25705.25,25706.75,-1.50,bad
2025-12-08 02:12:00,143,25707.00,25707.25,25700.00,25702.50,-4.50,bad
2025-12-08 02:12:30,144,25702.00,25709.50,25701.75,25706.00,4.00,good
2025-12-08 02:13:00,145,25705.25,25709.25,25705.25,25706.50,1.25,good
2025-12-08 02:13:30,146,25706.75,25712.25,25705.00,25712.00,5.25,good
2025-12-08 02:14:00,147,25711.25,25712.50,25708.50,25711.50,0.25,good
2025-12-08 02:14:30,148,25710.50,25716.00,25709.00,25715.00,4.50,good
2025-12-08 02:15:00,149,25715.25,25716.00,25711.00,25711.75,-3.50,bad
2025-12-08 02:15:30,150,25712.50,25719.75,25711.75,25714.75,2.25,good
2025-12-08 02:16:00,151,25714.50,25719.25,25712.75,25713.25,-1.25,bad
2025-12-08 02:16:30,152,25713.50,25717.00,25712.50,25712.75,-0.75,bad
2025-12-08 02:17:00,153,25712.50,25713.25,25709.75,25712.25,-0.25,bad
2025-12-08 02:17:30,154,25713.25,25716.75,25712.00,25715.25,2.00,good
2025-12-08 02:18:00,155,25714.75,25718.50,25714.75,25717.25,2.50,good
2025-12-08 02:18:30,156,25717.25,25722.50,25715.50,25721.25,4.00,good
2025-12-08 02:19:00,157,25721.50,25721.75,25718.50,25720.25,-1.25,bad
2025-12-08 02:19:30,158,25719.50,25719.75,25714.25,25715.25,-4.25,bad
2025-12-08 02:20:00,159,25715.00,25718.75,25713.00,25718.00,3.00,good
2025-12-08 02:20:30,160,25717.75,25719.75,25716.25,25717.50,-0.25,bad
2025-12-08 02:21:00,161,25717.25,25720.50,25716.50,25718.75,1.50,good
2025-12-08 02:21:30,162,25719.25,25720.25,25717.00,25719.25,0.00,good and bad
2025-12-08 02:22:00,163,25719.00,25720.75,25717.00,25717.25,-1.75,bad
2025-12-08 02:22:30,164,25718.00,25720.25,25717.75,25717.75,-0.25,bad
2025-12-08 02:23:00,165,25718.00,25719.00,25717.00,25718.25,0.25,good
2025-12-08 02:23:30,166,25719.50,25725.25,25718.25,25724.75,5.25,good
2025-12-08 02:24:00,167,25725.25,25734.50,25723.75,25734.50,9.25,good
2025-12-08 02:24:30,168,25734.25,25735.50,25729.25,25731.75,-2.50,bad
2025-12-08 02:25:00,169,25732.25,25732.75,25727.25,25727.25,-5.00,bad
2025-12-08 02:25:30,170,25727.25,25730.00,25726.00,25727.50,0.25,good
2025-12-08 02:26:00,171,25727.50,25734.00,25726.25,25731.50,4.00,good
2025-12-08 02:26:30,172,25730.50,25731.25,25725.25,25726.50,-4.00,bad
2025-12-08 02:27:00,173,25726.75,25731.25,25726.75,25728.25,1.50,good
2025-12-08 02:27:30,174,25728.75,25731.75,25727.25,25728.00,-0.75,bad
2025-12-08 02:28:00,175,25728.00,25731.50,25727.75,25731.25,3.25,good
2025-12-08 02:28:30,176,25731.00,25733.25,25729.00,25732.25,1.25,good
2025-12-08 02:29:00,177,25732.00,25732.00,25728.25,25728.75,-3.25,bad
2025-12-08 02:29:30,178,25729.25,25729.75,25726.75,25729.75,0.50,good
2025-12-08 02:30:00,179,25729.00,25733.00,25729.00,25731.75,2.75,good
2025-12-08 02:30:30,180,25731.50,25732.75,25729.25,25729.50,-2.00,bad
2025-12-08 02:31:00,181,25729.75,25730.25,25725.75,25727.25,-2.50,bad
2025-12-08 02:31:30,182,25728.00,25728.75,25726.00,25726.75,-1.25,bad
2025-12-08 02:32:00,183,25727.25,25729.25,25726.25,25726.25,-1.00,bad
2025-12-08 02:32:30,184,25726.75,25729.50,25725.75,25728.75,2.00,good
2025-12-08 02:33:00,185,25729.75,25730.50,25728.00,25728.00,-1.75,bad
2025-12-08 02:33:30,186,25728.25,25732.25,25728.00,25732.25,4.00,good
2025-12-08 02:34:00,187,25732.75,25734.75,25732.00,25734.25,1.50,good
2025-12-08 02:34:30,188,25734.00,25739.00,25733.75,25735.75,1.75,good
2025-12-08 02:35:00,189,25736.25,25736.50,25732.75,25733.25,-3.00,bad
2025-12-08 02:35:30,190,25733.75,25740.00,25733.75,25738.75,5.00,good
2025-12-08 02:36:00,191,25739.25,25740.00,25737.25,25737.75,-1.50,bad
2025-12-08 02:36:30,192,25737.75,25738.25,25735.25,25738.25,0.50,good
2025-12-08 02:37:00,193,25738.25,25738.75,25736.50,25736.50,-1.75,bad
2025-12-08 02:37:30,194,25736.75,25737.25,25733.50,25735.75,-1.00,bad
2025-12-08 02:38:00,195,25735.25,25737.50,25734.50,25736.75,1.50,good
2025-12-08 02:38:30,196,25736.00,25737.00,25735.00,25736.50,0.50,good
2025-12-08 02:39:00,197,25737.25,25738.00,25735.00,25736.50,-0.75,bad
2025-12-08 02:39:30,198,25736.00,25736.00,25732.75,25736.00,0.00,good and bad
2025-12-08 02:40:00,199,25735.25,25736.00,25734.00,25734.25,-1.00,bad
2025-12-08 02:40:30,200,25734.25,25735.25,25733.00,25735.00,0.75,good
2025-12-08 02:41:00,201,25735.75,25736.50,25735.00,25736.00,0.25,good
2025-12-08 02:41:30,202,25736.25,25736.25,25734.25,25735.75,-0.50,bad
2025-12-08 02:42:00,203,25736.00,25737.25,25736.00,25737.25,1.25,good
2025-12-08 02:42:30,204,25737.25,25740.25,25737.25,25739.25,2.00,good
2025-12-08 02:43:00,205,25738.75,25739.25,25736.25,25736.50,-2.25,bad
2025-12-08 02:43:30,206,25736.75,25738.75,25735.75,25736.25,-0.50,bad
2025-12-08 02:44:00,207,25736.25,25737.75,25735.75,25735.75,-0.50,bad
2025-12-08 02:44:30,208,25735.75,25738.50,25735.50,25738.50,2.75,good
2025-12-08 02:45:00,209,25737.75,25738.25,25736.75,25737.50,-0.25,bad
2025-12-08 02:45:30,210,25736.50,25738.00,25735.25,25738.00,1.50,good
2025-12-08 02:46:00,211,25737.75,25737.75,25732.75,25735.25,-2.50,bad
2025-12-08 02:46:30,212,25735.00,25739.50,25733.25,25738.50,3.50,good
2025-12-08 02:47:00,213,25738.50,25742.50,25737.50,25739.25,0.75,good
2025-12-08 02:47:30,214,25739.00,25742.50,25737.50,25740.00,1.00,good
2025-12-08 02:48:00,215,25739.25,25740.00,25737.00,25739.25,0.00,good and bad
2025-12-08 02:48:30,216,25738.50,25741.25,25738.00,25739.50,1.00,good
2025-12-08 02:49:00,217,25739.75,25743.50,25739.25,25742.50,2.75,good
2025-12-08 02:49:30,218,25742.50,25744.25,25741.25,25742.25,-0.25,bad
2025-12-08 02:50:00,219,25742.75,25744.75,25741.00,25744.00,1.25,good
2025-12-08 02:50:30,220,25744.00,25746.00,25740.75,25741.00,-3.00,bad
2025-12-08 02:51:00,221,25742.00,25742.75,25740.00,25742.50,0.50,good
2025-12-08 02:51:30,222,25741.75,25742.75,25740.00,25742.25,0.50,good
2025-12-08 02:52:00,223,25741.50,25741.75,25738.25,25739.25,-2.25,bad
2025-12-08 02:52:30,224,25738.75,25741.75,25738.50,25741.75,3.00,good
2025-12-08 02:53:00,225,25741.50,25744.50,25741.50,25744.00,2.50,good
2025-12-08 02:53:30,226,25744.00,25750.50,25743.75,25746.50,2.50,good
2025-12-08 02:54:00,227,25746.25,25747.75,25746.00,25747.00,0.75,good
2025-12-08 02:54:30,228,25747.25,25748.75,25747.00,25747.25,0.00,good and bad
2025-12-08 02:55:00,229,25747.50,25748.75,25747.25,25748.50,1.00,good
2025-12-08 02:55:30,230,25748.25,25750.50,25747.00,25748.75,0.50,good
2025-12-08 02:56:00,231,25748.50,25748.75,25744.50,25744.75,-3.75,bad
2025-12-08 02:56:30,232,25744.50,25746.50,25742.50,25744.25,-0.25,bad
2025-12-08 02:57:00,233,25745.00,25746.75,25744.75,25745.25,0.25,good
2025-12-08 02:57:30,234,25745.00,25748.75,25745.00,25747.75,2.75,good
2025-12-08 02:58:00,235,25747.75,25749.25,25745.75,25746.25,-1.50,bad
2025-12-08 02:58:30,236,25745.75,25746.00,25743.25,25744.50,-1.25,bad
2025-12-08 02:59:00,237,25744.50,25747.00,25744.25,25746.50,2.00,good
2025-12-08 02:59:30,238,25746.00,25747.00,25745.00,25746.50,0.50,good
2025-12-08 03:00:00,239,25747.00,25747.50,25746.25,25746.75,-0.25,bad
2025-12-08 03:00:30,240,25746.75,25750.00,25743.75,25745.50,-1.25,bad
2025-12-08 03:01:00,241,25746.00,25746.00,25743.25,25745.50,-0.50,bad
2025-12-08 03:01:30,242,25745.50,25748.00,25743.00,25746.25,0.75,good
2025-12-08 03:02:00,243,25745.75,25751.75,25745.50,25750.75,5.00,good
2025-12-08 03:02:30,244,25751.00,25752.50,25748.50,25749.25,-1.75,bad
2025-12-08 03:03:00,245,25749.25,25750.75,25747.25,25750.50,1.25,good
2025-12-08 03:03:30,246,25750.25,25753.50,25750.25,25751.75,1.50,good
2025-12-08 03:04:00,247,25752.00,25755.25,25751.75,25754.25,2.25,good
2025-12-08 03:04:30,248,25754.75,25757.75,25753.75,25756.50,1.75,good
2025-12-08 03:05:00,249,25756.50,25757.00,25751.50,25752.50,-4.00,bad
2025-12-08 03:05:30,250,25752.00,25759.25,25750.75,25756.50,4.50,good
2025-12-08 03:06:00,251,25756.75,25757.25,25753.75,25756.00,-0.75,bad
2025-12-08 03:06:30,252,25756.25,25759.00,25756.00,25758.00,1.75,good
2025-12-08 03:07:00,253,25758.25,25760.50,25757.00,25760.00,1.75,good
2025-12-08 03:07:30,254,25760.50,25765.00,25756.75,25756.75,-3.75,bad
2025-12-08 03:08:00,255,25756.75,25758.75,25754.75,25756.50,-0.25,bad
2025-12-08 03:08:30,256,25757.25,25759.25,25756.25,25758.50,1.25,good
2025-12-08 03:09:00,257,25758.25,25758.75,25753.75,25754.25,-4.00,bad
2025-12-08 03:09:30,258,25754.50,25757.50,25754.25,25755.50,1.00,good
2025-12-08 03:10:00,259,25756.00,25756.50,25754.00,25754.75,-1.25,bad
2025-12-08 03:10:30,260,25754.75,25756.75,25753.50,25756.25,1.50,good
2025-12-08 03:11:00,261,25755.75,25757.00,25751.75,25753.50,-2.25,bad
2025-12-08 03:11:30,262,25753.50,25756.50,25752.25,25756.00,2.50,good
2025-12-08 03:12:00,263,25756.75,25757.75,25754.50,25754.50,-2.25,bad
2025-12-08 03:12:30,264,25755.00,25757.00,25753.75,25755.75,0.75,good
2025-12-08 03:13:00,265,25756.00,25756.25,25754.00,25754.50,-1.50,bad
2025-12-08 03:13:30,266,25755.00,25757.25,25755.00,25757.25,2.25,good
2025-12-08 03:14:00,267,25756.25,25756.75,25752.75,25753.00,-3.25,bad
2025-12-08 03:14:30,268,25752.75,25753.00,25750.25,25750.25,-2.50,bad
2025-12-08 03:15:00,269,25750.75,25751.25,25745.25,25747.25,-3.50,bad
2025-12-08 03:15:30,270,25747.50,25750.00,25746.00,25747.25,-0.25,bad
2025-12-08 03:16:00,271,25747.00,25751.25,25743.50,25751.00,4.00,good
2025-12-08 03:16:30,272,25751.50,25755.75,25750.25,25752.50,1.00,good
2025-12-08 03:17:00,273,25752.00,25752.25,25746.75,25748.50,-3.50,bad
2025-12-08 03:17:30,274,25748.00,25749.75,25747.00,25748.50,0.50,good
2025-12-08 03:18:00,275,25748.50,25749.50,25746.75,25747.50,-1.00,bad
2025-12-08 03:18:30,276,25746.75,25750.25,25746.25,25749.50,2.75,good
2025-12-08 03:19:00,277,25748.50,25748.50,25745.00,25745.75,-2.75,bad
2025-12-08 03:19:30,278,25746.50,25749.00,25745.75,25747.75,1.25,good
2025-12-08 03:20:00,279,25747.00,25748.00,25744.75,25748.00,1.00,good
2025-12-08 03:20:30,280,25748.25,25753.00,25748.25,25750.75,2.50,good
2025-12-08 03:21:00,281,25750.50,25753.75,25750.00,25753.00,2.50,good
2025-12-08 03:21:30,282,25752.75,25754.75,25751.50,25752.75,0.00,good and bad
2025-12-08 03:22:00,283,25752.50,25753.00,25750.00,25751.25,-1.25,bad
2025-12-08 03:22:30,284,25751.50,25754.25,25748.25,25748.25,-3.25,bad
2025-12-08 03:23:00,285,25748.50,25749.50,25747.50,25748.75,0.25,good
2025-12-08 03:23:30,286,25748.25,25749.50,25746.50,25749.50,1.25,good
2025-12-08 03:24:00,287,25749.50,25751.75,25748.25,25751.25,1.75,good
2025-12-08 03:24:30,288,25750.75,25752.25,25750.25,25750.25,-0.50,bad
2025-12-08 03:25:00,289,25751.50,25752.00,25749.50,25750.50,-1.00,bad
2025-12-08 03:25:30,290,25750.50,25753.25,25750.50,25753.25,2.75,good
2025-12-08 03:26:00,291,25753.00,25753.00,25750.50,25751.50,-1.50,bad
2025-12-08 03:26:30,292,25752.25,25753.25,25751.00,25752.50,0.25,good
2025-12-08 03:27:00,293,25751.25,25753.50,25750.50,25752.25,1.00,good
2025-12-08 03:27:30,294,25753.50,25754.00,25751.00,25751.25,-2.25,bad
2025-12-08 03:28:00,295,25751.50,25752.75,25751.25,25752.50,1.00,good
2025-12-08 03:28:30,296,25753.00,25754.75,25751.50,25752.00,-1.00,bad
2025-12-08 03:29:00,297,25751.75,25752.50,25750.50,25751.75,0.00,good and bad
2025-12-08 03:29:30,298,25751.00,25752.25,25749.75,25749.75,-1.25,bad
2025-12-08 03:30:00,299,25750.00,25751.50,25749.00,25749.50,-0.50,bad
2025-12-08 03:30:30,300,25749.25,25754.00,25748.75,25753.50,4.25,good
2025-12-08 03:31:00,301,25753.75,25754.25,25751.25,25751.75,-2.00,bad
2025-12-08 03:31:30,302,25753.00,25757.25,25753.00,25755.50,2.50,good
2025-12-08 03:32:00,303,25755.50,25756.75,25754.25,25754.75,-0.75,bad
2025-12-08 03:32:30,304,25755.25,25757.25,25753.75,25756.75,1.50,good
2025-12-08 03:33:00,305,25756.75,25759.00,25756.25,25757.00,0.25,good
2025-12-08 03:33:30,306,25756.75,25757.50,25755.50,25757.00,0.25,good
2025-12-08 03:34:00,307,25756.50,25758.00,25756.25,25756.75,0.25,good
2025-12-08 03:34:30,308,25756.50,25757.50,25754.00,25754.25,-2.25,bad
2025-12-08 03:35:00,309,25754.00,25758.00,25754.00,25758.00,4.00,good
2025-12-08 03:35:30,310,25758.00,25763.00,25758.00,25762.75,4.75,good
2025-12-08 03:36:00,311,25762.75,25763.50,25761.50,25762.75,0.00,good and bad
2025-12-08 03:36:30,312,25763.25,25764.00,25762.00,25763.25,0.00,good and bad
2025-12-08 03:37:00,313,25763.75,25766.75,25762.00,25764.25,0.50,good
2025-12-08 03:37:30,314,25764.25,25765.00,25760.50,25761.50,-2.75,bad
2025-12-08 03:38:00,315,25761.00,25763.75,25760.00,25763.75,2.75,good
2025-12-08 03:38:30,316,25764.00,25766.75,25764.00,25766.75,2.75,good
2025-12-08 03:39:00,317,25766.00,25767.50,25765.50,25766.75,0.75,good
2025-12-08 03:39:30,318,25766.75,25767.25,25764.00,25765.25,-1.50,bad
2025-12-08 03:40:00,319,25765.25,25766.25,25761.50,25761.75,-3.50,bad
2025-12-08 03:40:30,320,25762.25,25766.00,25761.50,25766.00,3.75,good
2025-12-08 03:41:00,321,25765.50,25769.50,25765.50,25769.00,3.50,good
2025-12-08 03:41:30,322,25769.00,25769.50,25766.00,25766.25,-2.75,bad
2025-12-08 03:42:00,323,25766.00,25766.50,25764.50,25765.75,-0.25,bad
2025-12-08 03:42:30,324,25765.25,25766.50,25763.75,25765.00,-0.25,bad
2025-12-08 03:43:00,325,25764.00,25765.25,25762.50,25763.00,-1.00,bad
2025-12-08 03:43:30,326,25762.75,25763.50,25761.25,25762.00,-0.75,bad
2025-12-08 03:44:00,327,25761.50,25764.25,25761.50,25763.25,1.75,good
2025-12-08 03:44:30,328,25763.50,25764.25,25761.50,25764.00,0.50,good
2025-12-08 03:45:00,329,25763.25,25765.00,25763.00,25763.75,0.50,good
2025-12-08 03:45:30,330,25763.50,25765.75,25762.50,25765.75,2.25,good
2025-12-08 03:46:00,331,25765.75,25767.75,25765.00,25766.75,1.00,good
2025-12-08 03:46:30,332,25766.75,25767.25,25763.75,25765.00,-1.75,bad
2025-12-08 03:47:00,333,25765.00,25765.75,25764.00,25764.00,-1.00,bad
2025-12-08 03:47:30,334,25764.50,25765.00,25761.75,25762.75,-1.75,bad
2025-12-08 03:48:00,335,25763.25,25766.00,25762.75,25766.00,2.75,good
2025-12-08 03:48:30,336,25765.75,25766.25,25764.00,25765.00,-0.75,bad
2025-12-08 03:49:00,337,25764.75,25765.75,25762.50,25765.50,0.75,good
2025-12-08 03:49:30,338,25765.75,25767.75,25765.50,25767.50,1.75,good
2025-12-08 03:50:00,339,25767.25,25769.75,25767.25,25767.50,0.25,good
2025-12-08 03:50:30,340,25767.25,25768.00,25766.50,25767.75,0.50,good
2025-12-08 03:51:00,341,25767.75,25768.25,25764.75,25765.75,-2.00,bad
2025-12-08 03:51:30,342,25766.00,25768.00,25766.00,25767.25,1.25,good
2025-12-08 03:52:00,343,25767.00,25769.00,25766.50,25769.00,2.00,good
2025-12-08 03:52:30,344,25768.75,25770.00,25767.00,25767.25,-1.50,bad
2025-12-08 03:53:00,345,25767.25,25768.00,25765.75,25765.75,-1.50,bad
2025-12-08 03:53:30,346,25766.00,25767.25,25764.50,25767.25,1.25,good
2025-12-08 03:54:00,347,25767.75,25769.50,25767.25,25768.50,0.75,good
2025-12-08 03:54:30,348,25768.75,25771.75,25768.25,25770.25,1.50,good
2025-12-08 03:55:00,349,25770.50,25770.75,25769.00,25769.25,-1.25,bad
2025-12-08 03:55:30,350,25769.25,25770.00,25767.00,25768.50,-0.75,bad
2025-12-08 03:56:00,351,25768.25,25768.25,25767.25,25767.25,-1.00,bad
2025-12-08 03:56:30,352,25767.25,25768.25,25766.50,25768.25,1.00,good
2025-12-08 03:57:00,353,25768.50,25769.00,25766.25,25767.25,-1.25,bad
2025-12-08 03:57:30,354,25767.25,25767.25,25763.50,25764.50,-2.75,bad
2025-12-08 03:58:00,355,25764.25,25766.75,25764.25,25766.00,1.75,good
2025-12-08 03:58:30,356,25766.00,25767.00,25765.50,25766.25,0.25,good
2025-12-08 03:59:00,357,25766.25,25768.25,25766.00,25766.00,-0.25,bad
2025-12-08 03:59:30,358,25766.75,25767.75,25765.00,25766.25,-0.50,bad
2025-12-08 04:00:00,359,25767.00,25768.50,25766.50,25767.50,0.50,good
2025-12-08 04:00:30,360,25768.00,25770.00,25766.75,25767.00,-1.00,bad
2025-12-08 04:01:00,361,25766.00,25767.25,25764.50,25766.75,0.75,good
2025-12-08 04:01:30,362,25766.25,25767.75,25766.00,25767.50,1.25,good
2025-12-08 04:02:00,363,25767.00,25768.75,25765.25,25765.50,-1.50,bad
2025-12-08 04:02:30,364,25765.75,25765.75,25764.25,25765.50,-0.25,bad
2025-12-08 04:03:00,365,25765.50,25766.50,25762.50,25763.00,-2.50,bad
2025-12-08 04:03:30,366,25763.50,25766.50,25761.75,25765.75,2.25,good
2025-12-08 04:04:00,367,25765.75,25767.75,25765.00,25767.75,2.00,good
2025-12-08 04:04:30,368,25767.75,25772.75,25767.25,25770.25,2.50,good
2025-12-08 04:05:00,369,25770.25,25770.75,25769.00,25769.50,-0.75,bad
2025-12-08 04:05:30,370,25769.75,25770.00,25767.50,25768.25,-1.50,bad
2025-12-08 04:06:00,371,25768.75,25769.50,25767.50,25767.50,-1.25,bad
2025-12-08 04:06:30,372,25768.00,25770.00,25767.50,25769.50,1.50,good
2025-12-08 04:07:00,373,25769.75,25769.75,25764.75,25765.75,-4.00,bad
2025-12-08 04:07:30,374,25765.75,25767.75,25765.50,25767.50,1.75,good
2025-12-08 04:08:00,375,25767.75,25768.25,25764.75,25764.75,-3.00,bad
2025-12-08 04:08:30,376,25764.50,25766.50,25764.50,25765.00,0.50,good
2025-12-08 04:09:00,377,25765.25,25767.00,25764.50,25766.00,0.75,good
2025-12-08 04:09:30,378,25767.00,25769.50,25767.00,25767.50,0.50,good
2025-12-08 04:10:00,379,25767.75,25768.50,25766.50,25767.50,-0.25,bad
2025-12-08 04:10:30,380,25768.00,25768.25,25766.25,25767.75,-0.25,bad
2025-12-08 04:11:00,381,25767.75,25768.50,25766.50,25768.00,0.25,good
2025-12-08 04:11:30,382,25768.25,25769.25,25767.50,25769.25,1.00,good
2025-12-08 04:12:00,383,25769.00,25769.75,25768.00,25768.75,-0.25,bad
2025-12-08 04:12:30,384,25768.25,25768.25,25767.00,25767.50,-0.75,bad
2025-12-08 04:13:00,385,25768.25,25772.50,25768.25,25770.00,1.75,good
2025-12-08 04:13:30,386,25770.25,25771.00,25769.00,25771.00,0.75,good
2025-12-08 04:14:00,387,25770.50,25770.75,25769.00,25769.75,-0.75,bad
2025-12-08 04:14:30,388,25769.75,25769.75,25767.00,25768.25,-1.50,bad
2025-12-08 04:15:00,389,25768.00,25769.75,25768.00,25768.50,0.50,good
2025-12-08 04:15:30,390,25769.25,25772.25,25769.00,25772.25,3.00,good
2025-12-08 04:16:00,391,25771.75,25772.50,25771.00,25771.25,-0.50,bad
2025-12-08 04:16:30,392,25771.75,25772.25,25770.75,25771.75,0.00,good and bad
2025-12-08 04:17:00,393,25771.75,25773.50,25770.25,25773.25,1.50,good
2025-12-08 04:17:30,394,25772.75,25773.25,25771.00,25772.00,-0.75,bad
2025-12-08 04:18:00,395,25771.50,25773.50,25771.25,25773.50,2.00,good
2025-12-08 04:18:30,396,25773.25,25779.50,25773.00,25779.00,5.75,good
2025-12-08 04:19:00,397,25779.25,25780.75,25778.00,25778.50,-0.75,bad
2025-12-08 04:19:30,398,25778.25,25778.50,25776.00,25776.00,-2.25,bad
2025-12-08 04:20:00,399,25776.00,25776.25,25774.50,25775.00,-1.00,bad
2025-12-08 04:20:30,400,25774.75,25777.00,25773.75,25776.25,1.50,good
2025-12-08 04:21:00,401,25776.25,25776.25,25773.75,25775.25,-1.00,bad
2025-12-08 04:21:30,402,25775.00,25777.50,25775.00,25777.00,2.00,good
2025-12-08 04:22:00,403,25777.00,25778.00,25776.00,25776.00,-1.00,bad
2025-12-08 04:22:30,404,25776.00,25777.25,25775.50,25776.75,0.75,good
2025-12-08 04:23:00,405,25777.25,25778.00,25776.50,25777.00,-0.25,bad
2025-12-08 04:23:30,406,25777.25,25777.50,25775.25,25776.00,-1.25,bad
2025-12-08 04:24:00,407,25776.00,25778.00,25776.00,25777.75,1.75,good
2025-12-08 04:24:30,408,25777.75,25778.00,25776.75,25777.25,-0.50,bad
2025-12-08 04:25:00,409,25776.50,25778.50,25776.50,25777.25,0.75,good
2025-12-08 04:25:30,410,25777.50,25782.25,25776.75,25781.25,3.75,good
2025-12-08 04:26:00,411,25781.50,25782.50,25779.00,25781.00,-0.50,bad
2025-12-08 04:26:30,412,25780.50,25781.50,25780.00,25781.50,1.00,good
2025-12-08 04:27:00,413,25781.50,25781.50,25780.00,25781.25,-0.25,bad
2025-12-08 04:27:30,414,25781.50,25781.50,25779.00,25781.00,-0.50,bad
2025-12-08 04:28:00,415,25781.50,25781.50,25779.00,25779.75,-1.75,bad
2025-12-08 04:28:30,416,25779.50,25779.50,25775.25,25776.75,-2.75,bad
2025-12-08 04:29:00,417,25776.50,25777.00,25773.25,25774.75,-1.75,bad
2025-12-08 04:29:30,418,25774.50,25777.00,25774.00,25776.75,2.25,good
2025-12-08 04:30:00,419,25776.50,25777.00,25776.25,25776.50,0.00,good and bad
2025-12-08 04:30:30,420,25776.50,25777.00,25775.25,25775.50,-1.00,bad
2025-12-08 04:31:00,421,25775.50,25776.25,25775.25,25775.75,0.25,good
2025-12-08 04:31:30,422,25775.50,25777.75,25775.00,25777.50,2.00,good
2025-12-08 04:32:00,423,25777.50,25780.25,25777.50,25779.00,1.50,good
2025-12-08 04:32:30,424,25779.00,25779.75,25778.00,25779.25,0.25,good
2025-12-08 04:33:00,425,25779.00,25781.00,25778.75,25781.00,2.00,good
2025-12-08 04:33:30,426,25781.00,25781.50,25779.50,25780.00,-1.00,bad
2025-12-08 04:34:00,427,25780.25,25780.25,25777.75,25778.00,-2.25,bad
2025-12-08 04:34:30,428,25777.50,25778.50,25777.25,25778.00,0.50,good
2025-12-08 04:35:00,429,25778.00,25780.00,25777.75,25778.00,0.00,good and bad
2025-12-08 04:35:30,430,25777.75,25779.50,25777.25,25779.50,1.75,good
2025-12-08 04:36:00,431,25779.75,25780.00,25778.75,25778.75,-1.00,bad
2025-12-08 04:36:30,432,25779.00,25780.75,25778.75,25780.75,1.75,good
2025-12-08 04:37:00,433,25780.75,25783.75,25779.75,25780.50,-0.25,bad
2025-12-08 04:37:30,434,25780.25,25782.75,25780.25,25782.75,2.50,good
2025-12-08 04:38:00,435,25782.50,25783.00,25781.50,25781.50,-1.00,bad
2025-12-08 04:38:30,436,25782.00,25783.00,25781.25,25781.50,-0.50,bad
2025-12-08 04:39:00,437,25781.50,25782.25,25780.25,25781.00,-0.50,bad
2025-12-08 04:39:30,438,25780.50,25780.50,25776.00,25776.00,-4.50,bad
2025-12-08 04:40:00,439,25776.25,25777.00,25775.50,25776.00,-0.25,bad
2025-12-08 04:40:30,440,25775.50,25777.25,25775.50,25776.00,0.50,good
2025-12-08 04:41:00,441,25775.75,25776.50,25774.25,25775.25,-0.50,bad
2025-12-08 04:41:30,442,25775.25,25775.25,25772.00,25772.50,-2.75,bad
2025-12-08 04:42:00,443,25772.25,25774.50,25771.75,25773.75,1.50,good
2025-12-08 04:42:30,444,25774.00,25775.75,25773.00,25773.75,-0.25,bad
2025-12-08 04:43:00,445,25773.50,25773.75,25772.50,25773.00,-0.50,bad
2025-12-08 04:43:30,446,25772.50,25773.00,25770.25,25770.75,-1.75,bad
2025-12-08 04:44:00,447,25771.25,25771.50,25769.25,25770.25,-1.00,bad
2025-12-08 04:44:30,448,25770.75,25776.00,25770.75,25775.50,4.75,good
2025-12-08 04:45:00,449,25775.75,25776.50,25773.00,25775.25,-0.50,bad
2025-12-08 04:45:30,450,25775.50,25776.25,25773.50,25773.50,-2.00,bad
2025-12-08 04:46:00,451,25774.25,25774.50,25772.50,25772.75,-1.50,bad
2025-12-08 04:46:30,452,25773.50,25776.50,25773.50,25775.00,1.50,good
2025-12-08 04:47:00,453,25775.25,25776.50,25773.25,25773.50,-1.75,bad
2025-12-08 04:47:30,454,25773.25,25774.75,25772.25,25773.25,0.00,good and bad
2025-12-08 04:48:00,455,25773.25,25775.00,25772.50,25773.25,0.00,good and bad
2025-12-08 04:48:30,456,25773.00,25773.50,25772.00,25773.00,0.00,good and bad
2025-12-08 04:49:00,457,25773.25,25774.75,25772.25,25774.75,1.50,good
2025-12-08 04:49:30,458,25774.75,25776.25,25774.50,25775.00,0.25,good
2025-12-08 04:50:00,459,25774.75,25775.50,25774.50,25775.00,0.25,good
2025-12-08 04:50:30,460,25775.00,25775.75,25773.75,25775.50,0.50,good
2025-12-08 04:51:00,461,25775.50,25775.75,25772.00,25772.50,-3.00,bad
2025-12-08 04:51:30,462,25772.50,25773.75,25772.00,25772.00,-0.50,bad
2025-12-08 04:52:00,463,25772.00,25772.50,25770.50,25770.75,-1.25,bad
2025-12-08 04:52:30,464,25771.25,25773.25,25770.75,25773.00,1.75,good
2025-12-08 04:53:00,465,25773.00,25774.25,25771.75,25772.00,-1.00,bad
2025-12-08 04:53:30,466,25772.50,25774.25,25772.50,25772.50,0.00,good and bad
2025-12-08 04:54:00,467,25772.50,25773.00,25771.25,25772.00,-0.50,bad
2025-12-08 04:54:30,468,25771.75,25773.50,25771.75,25773.50,1.75,good
2025-12-08 04:55:00,469,25773.75,25774.50,25772.50,25774.25,0.50,good
2025-12-08 04:55:30,470,25774.25,25775.75,25774.25,25775.00,0.75,good
2025-12-08 04:56:00,471,25775.25,25775.50,25772.50,25773.00,-2.25,bad
2025-12-08 04:56:30,472,25772.75,25774.00,25772.50,25773.25,0.50,good
2025-12-08 04:57:00,473,25773.75,25775.00,25773.00,25775.00,1.25,good
2025-12-08 04:57:30,474,25775.25,25778.25,25775.25,25777.00,1.75,good
2025-12-08 04:58:00,475,25777.00,25779.25,25776.25,25778.25,1.25,good
2025-12-08 04:58:30,476,25777.75,25778.50,25777.50,25778.00,0.25,good
2025-12-08 04:59:00,477,25778.00,25780.75,25778.00,25779.00,1.00,good
2025-12-08 04:59:30,478,25779.50,25780.75,25778.25,25780.75,1.25,good
2025-12-08 05:00:00,479,25780.25,25782.75,25780.25,25782.75,2.50,good
2025-12-08 05:00:30,480,25782.25,25786.00,25782.00,25784.75,2.50,good
2025-12-08 05:01:00,481,25784.75,25786.00,25783.75,25784.25,-0.50,bad
2025-12-08 05:01:30,482,25784.50,25785.00,25781.75,25783.00,-1.50,bad
2025-12-08 05:02:00,483,25782.50,25784.00,25782.25,25783.25,0.75,good
2025-12-08 05:02:30,484,25782.75,25785.00,25782.75,25783.00,0.25,good
2025-12-08 05:03:00,485,25782.75,25783.00,25782.00,25782.75,0.00,good and bad
2025-12-08 05:03:30,486,25782.50,25783.00,25779.50,25781.00,-1.50,bad
2025-12-08 05:04:00,487,25780.75,25781.00,25778.75,25778.75,-2.00,bad
2025-12-08 05:04:30,488,25779.25,25781.00,25777.00,25780.25,1.00,good
2025-12-08 05:05:00,489,25779.75,25781.25,25779.50,25780.75,1.00,good
2025-12-08 05:05:30,490,25780.50,25783.00,25780.25,25782.50,2.00,good
2025-12-08 05:06:00,491,25781.75,25783.00,25781.75,25782.25,0.50,good
2025-12-08 05:06:30,492,25782.50,25783.50,25781.00,25783.50,1.00,good
2025-12-08 05:07:00,493,25783.00,25783.75,25781.50,25782.25,-0.75,bad
2025-12-08 05:07:30,494,25782.00,25783.75,25781.00,25783.50,1.50,good
2025-12-08 05:08:00,495,25784.00,25785.75,25783.75,25784.50,0.50,good
2025-12-08 05:08:30,496,25784.50,25784.75,25782.50,25783.00,-1.50,bad
2025-12-08 05:09:00,497,25783.00,25784.00,25782.50,25783.25,0.25,good
2025-12-08 05:09:30,498,25782.50,25783.25,25781.00,25783.00,0.50,good
2025-12-08 05:10:00,499,25783.25,25785.00,25783.00,25784.75,1.50,good
2025-12-08 05:10:30,500,25784.75,25785.75,25784.00,25785.50,0.75,good
2025-12-08 05:11:00,501,25785.75,25786.75,25785.00,25785.50,-0.25,bad
2025-12-08 05:11:30,502,25786.00,25786.25,25784.00,25785.25,-0.75,bad
2025-12-08 05:12:00,503,25785.00,25785.75,25783.75,25784.75,-0.25,bad
2025-12-08 05:12:30,504,25783.50,25784.00,25782.75,25784.00,0.50,good
2025-12-08 05:13:00,505,25783.75,25785.50,25782.75,25784.75,1.00,good
2025-12-08 05:13:30,506,25784.50,25785.00,25783.00,25785.00,0.50,good
2025-12-08 05:14:00,507,25785.00,25785.75,25785.00,25785.25,0.25,good
2025-12-08 05:14:30,508,25784.75,25785.25,25784.75,25784.75,0.00,good and bad
2025-12-08 05:15:00,509,25784.75,25786.50,25784.75,25785.75,1.00,good
2025-12-08 05:15:30,510,25786.00,25786.25,25784.50,25784.50,-1.50,bad
2025-12-08 05:16:00,511,25785.00,25785.75,25784.50,25785.00,0.00,good and bad
2025-12-08 05:16:30,512,25785.00,25786.25,25784.25,25786.25,1.25,good
2025-12-08 05:17:00,513,25785.75,25787.25,25785.75,25785.75,0.00,good and bad
2025-12-08 05:17:30,514,25785.75,25786.00,25783.75,25784.25,-1.50,bad
2025-12-08 05:18:00,515,25784.00,25785.00,25782.75,25783.50,-0.50,bad
2025-12-08 05:18:30,516,25783.75,25784.00,25782.25,25782.75,-1.00,bad
2025-12-08 05:19:00,517,25782.75,25783.25,25782.25,25782.75,0.00,good and bad
2025-12-08 05:19:30,518,25782.50,25785.25,25782.50,25784.25,1.75,good
2025-12-08 05:20:00,519,25784.25,25784.50,25782.25,25784.50,0.25,good
2025-12-08 05:20:30,520,25784.50,25784.50,25783.50,25784.50,0.00,good and bad
2025-12-08 05:21:00,521,25784.25,25784.75,25784.00,25784.50,0.25,good
2025-12-08 05:21:30,522,25784.00,25786.00,25784.00,25786.00,2.00,good
2025-12-08 05:22:00,523,25786.25,25788.75,25786.25,25787.50,1.25,good
2025-12-08 05:22:30,524,25787.25,25788.75,25787.00,25788.75,1.50,good
2025-12-08 05:23:00,525,25788.00,25788.75,25787.00,25787.25,-0.75,bad
2025-12-08 05:23:30,526,25787.25,25787.75,25785.50,25785.50,-1.75,bad
2025-12-08 05:24:00,527,25786.00,25786.50,25785.00,25785.50,-0.50,bad
2025-12-08 05:24:30,528,25785.75,25789.50,25785.75,25789.25,3.50,good
2025-12-08 05:25:00,529,25789.00,25789.25,25788.00,25788.25,-0.75,bad
2025-12-08 05:25:30,530,25788.25,25789.25,25787.50,25788.50,0.25,good
2025-12-08 05:26:00,531,25788.00,25789.75,25788.00,25789.50,1.50,good
2025-12-08 05:26:30,532,25789.25,25791.50,25789.00,25789.75,0.50,good
2025-12-08 05:27:00,533,25789.25,25789.25,25787.50,25788.00,-1.25,bad
2025-12-08 05:27:30,534,25788.50,25788.50,25787.50,25787.50,-1.00,bad
2025-12-08 05:28:00,535,25787.50,25788.00,25786.75,25788.00,0.50,good
2025-12-08 05:28:30,536,25787.75,25788.25,25787.00,25787.00,-0.75,bad
2025-12-08 05:29:00,537,25787.00,25790.00,25787.00,25788.75,1.75,good
2025-12-08 05:29:30,538,25788.50,25788.50,25786.50,25786.75,-1.75,bad
2025-12-08 05:30:00,539,25786.50,25786.75,25783.25,25784.00,-2.50,bad
2025-12-08 05:30:30,540,25784.00,25786.00,25783.50,25785.50,1.50,good
2025-12-08 05:31:00,541,25785.00,25786.00,25784.25,25785.00,0.00,good and bad
2025-12-08 05:31:30,542,25785.25,25787.25,25785.00,25786.25,1.00,good
2025-12-08 05:32:00,543,25786.25,25786.50,25785.50,25786.25,0.00,good and bad
2025-12-08 05:32:30,544,25786.00,25788.00,25785.50,25787.25,1.25,good
2025-12-08 05:33:00,545,25787.50,25789.75,25786.75,25789.50,2.00,good
2025-12-08 05:33:30,546,25789.25,25789.25,25787.50,25788.00,-1.25,bad
2025-12-08 05:34:00,547,25788.25,25790.00,25788.25,25789.25,1.00,good
2025-12-08 05:34:30,548,25789.50,25789.75,25788.00,25789.50,0.00,good and bad
2025-12-08 05:35:00,549,25789.00,25789.25,25787.50,25789.25,0.25,good
2025-12-08 05:35:30,550,25789.50,25791.75,25789.50,25791.25,1.75,good
2025-12-08 05:36:00,551,25791.50,25793.25,25791.25,25791.75,0.25,good
2025-12-08 05:36:30,552,25792.25,25794.50,25791.75,25794.00,1.75,good
2025-12-08 05:37:00,553,25793.75,25794.00,25791.75,25792.50,-1.25,bad
2025-12-08 05:37:30,554,25793.00,25793.50,25791.50,25791.50,-1.50,bad
2025-12-08 05:38:00,555,25791.75,25792.25,25790.50,25791.00,-0.75,bad
2025-12-08 05:38:30,556,25790.50,25790.75,25786.75,25789.00,-1.50,bad
2025-12-08 05:39:00,557,25789.00,25790.50,25788.25,25790.50,1.50,good
2025-12-08 05:39:30,558,25790.00,25791.25,25789.25,25790.00,0.00,good and bad
2025-12-08 05:40:00,559,25790.00,25790.75,25789.50,25789.50,-0.50,bad
2025-12-08 05:40:30,560,25789.75,25790.50,25788.00,25788.25,-1.50,bad
2025-12-08 05:41:00,561,25788.50,25791.50,25787.00,25790.75,2.25,good
2025-12-08 05:41:30,562,25791.00,25792.00,25789.00,25790.75,-0.25,bad
2025-12-08 05:42:00,563,25790.75,25791.00,25789.00,25790.00,-0.75,bad
2025-12-08 05:42:30,564,25789.00,25789.25,25786.00,25787.00,-2.00,bad
2025-12-08 05:43:00,565,25787.00,25788.00,25786.50,25787.00,0.00,good and bad
2025-12-08 05:43:30,566,25786.50,25786.75,25784.50,25785.50,-1.00,bad
2025-12-08 05:44:00,567,25785.50,25785.75,25784.25,25785.75,0.25,good
2025-12-08 05:44:30,568,25785.75,25786.00,25784.00,25785.00,-0.75,bad
2025-12-08 05:45:00,569,25785.50,25785.75,25783.75,25784.50,-1.00,bad
2025-12-08 05:45:30,570,25785.00,25786.25,25784.25,25786.25,1.25,good
2025-12-08 05:46:00,571,25786.25,25786.75,25783.50,25784.75,-1.50,bad
2025-12-08 05:46:30,572,25784.50,25787.00,25784.25,25786.75,2.25,good
2025-12-08 05:47:00,573,25787.00,25788.75,25786.00,25786.25,-0.75,bad
2025-12-08 05:47:30,574,25786.00,25786.25,25785.00,25785.00,-1.00,bad
2025-12-08 05:48:00,575,25785.00,25786.50,25783.50,25783.75,-1.25,bad
2025-12-08 05:48:30,576,25783.75,25784.25,25780.75,25782.00,-1.75,bad
2025-12-08 05:49:00,577,25781.75,25784.00,25781.00,25784.00,2.25,good
2025-12-08 05:49:30,578,25784.25,25785.75,25783.75,25785.50,1.25,good
2025-12-08 05:50:00,579,25785.75,25786.00,25785.00,25785.75,0.00,good and bad
2025-12-08 05:50:30,580,25786.00,25787.50,25785.00,25786.25,0.25,good
2025-12-08 05:51:00,581,25786.25,25786.75,25785.75,25785.75,-0.50,bad
2025-12-08 05:51:30,582,25785.50,25786.00,25784.00,25785.00,-0.50,bad
2025-12-08 05:52:00,583,25785.25,25785.50,25782.50,25784.25,-1.00,bad
2025-12-08 05:52:30,584,25783.00,25785.00,25782.50,25785.00,2.00,good
2025-12-08 05:53:00,585,25785.00,25785.50,25784.25,25784.75,-0.25,bad
2025-12-08 05:53:30,586,25784.50,25785.75,25784.00,25784.00,-0.50,bad
2025-12-08 05:54:00,587,25784.25,25785.00,25783.50,25785.00,0.75,good
2025-12-08 05:54:30,588,25785.25,25787.25,25784.25,25787.00,1.75,good
2025-12-08 05:55:00,589,25787.25,25789.25,25786.00,25787.50,0.25,good
2025-12-08 05:55:30,590,25787.00,25788.00,25786.25,25788.00,1.00,good
2025-12-08 05:56:00,591,25788.00,25789.25,25787.50,25788.75,0.75,good
2025-12-08 05:56:30,592,25788.25,25789.75,25787.50,25789.75,1.50,good
2025-12-08 05:57:00,593,25789.75,25791.00,25789.00,25789.50,-0.25,bad
2025-12-08 05:57:30,594,25789.00,25789.00,25786.00,25788.00,-1.00,bad
2025-12-08 05:58:00,595,25788.75,25791.00,25788.75,25790.00,1.25,good
2025-12-08 05:58:30,596,25789.75,25790.50,25789.25,25789.50,-0.25,bad
2025-12-08 05:59:00,597,25789.25,25791.00,25789.25,25790.75,1.50,good
2025-12-08 05:59:30,598,25790.75,25792.50,25788.25,25789.25,-1.50,bad
2025-12-08 06:00:00,599,25788.75,25790.25,25788.75,25789.00,0.25,good
2025-12-08 06:00:30,600,25789.50,25790.75,25789.25,25789.75,0.25,good
2025-12-08 06:01:00,601,25789.00,25790.50,25789.00,25789.25,0.25,good
2025-12-08 06:01:30,602,25789.50,25792.00,25789.25,25791.25,1.75,good
2025-12-08 06:02:00,603,25791.25,25791.75,25789.25,25789.50,-1.75,bad
2025-12-08 06:02:30,604,25789.75,25790.00,25788.50,25789.50,-0.25,bad
2025-12-08 06:03:00,605,25790.00,25791.50,25790.00,25791.00,1.00,good
2025-12-08 06:03:30,606,25791.00,25791.50,25790.50,25790.75,-0.25,bad
2025-12-08 06:04:00,607,25790.75,25793.75,25790.75,25791.75,1.00,good
2025-12-08 06:04:30,608,25791.75,25792.50,25790.50,25791.00,-0.75,bad
2025-12-08 06:05:00,609,25791.00,25791.50,25790.00,25791.00,0.00,good and bad
2025-12-08 06:05:30,610,25790.75,25791.00,25790.25,25790.50,-0.25,bad
2025-12-08 06:06:00,611,25790.25,25791.00,25789.75,25791.00,0.75,good
2025-12-08 06:06:30,612,25790.25,25790.75,25789.25,25790.50,0.25,good
2025-12-08 06:07:00,613,25790.00,25790.25,25788.75,25788.75,-1.25,bad
2025-12-08 06:07:30,614,25789.00,25790.50,25789.00,25789.75,0.75,good
2025-12-08 06:08:00,615,25789.50,25789.75,25787.25,25788.50,-1.00,bad
2025-12-08 06:08:30,616,25788.50,25791.25,25788.25,25790.50,2.00,good
2025-12-08 06:09:00,617,25790.25,25791.25,25790.00,25790.50,0.25,good
2025-12-08 06:09:30,618,25789.50,25790.25,25789.25,25790.25,0.75,good
2025-12-08 06:10:00,619,25790.50,25792.50,25790.50,25792.50,2.00,good
2025-12-08 06:10:30,620,25792.25,25793.00,25791.50,25791.75,-0.50,bad
2025-12-08 06:11:00,621,25792.00,25792.50,25791.50,25792.25,0.25,good
2025-12-08 06:11:30,622,25792.25,25792.25,25790.50,25791.25,-1.00,bad
2025-12-08 06:12:00,623,25791.50,25792.50,25791.25,25792.50,1.00,good
2025-12-08 06:12:30,624,25792.50,25796.00,25792.50,25793.50,1.00,good
2025-12-08 06:13:00,625,25793.75,25794.75,25792.75,25793.50,-0.25,bad
2025-12-08 06:13:30,626,25793.75,25793.75,25793.00,25793.50,-0.25,bad
2025-12-08 06:14:00,627,25793.50,25795.25,25793.25,25794.75,1.25,good
2025-12-08 06:14:30,628,25794.25,25795.75,25794.00,25795.50,1.25,good
2025-12-08 06:15:00,629,25795.50,25797.75,25795.50,25797.00,1.50,good
2025-12-08 06:15:30,630,25797.00,25797.25,25795.75,25796.25,-0.75,bad
2025-12-08 06:16:00,631,25796.50,25796.75,25793.75,25794.25,-2.25,bad
2025-12-08 06:16:30,632,25794.50,25795.25,25793.75,25794.75,0.25,good
2025-12-08 06:17:00,633,25794.75,25796.00,25794.50,25796.00,1.25,good
2025-12-08 06:17:30,634,25796.25,25798.50,25796.25,25797.00,0.75,good
2025-12-08 06:18:00,635,25797.25,25797.75,25796.00,25796.00,-1.25,bad
2025-12-08 06:18:30,636,25796.50,25797.75,25796.00,25797.75,1.25,good
2025-12-08 06:19:00,637,25797.75,25798.50,25797.00,25797.75,0.00,good and bad
2025-12-08 06:19:30,638,25797.75,25799.25,25796.25,25797.00,-0.75,bad
2025-12-08 06:20:00,639,25797.25,25797.50,25796.50,25796.50,-0.75,bad
2025-12-08 06:20:30,640,25796.25,25796.75,25795.50,25795.50,-0.75,bad
2025-12-08 06:21:00,641,25796.25,25797.50,25796.25,25796.50,0.25,good
2025-12-08 06:21:30,642,25796.25,25797.00,25795.00,25796.50,0.25,good
2025-12-08 06:22:00,643,25796.50,25797.50,25796.00,25796.50,0.00,good and bad
2025-12-08 06:22:30,644,25797.00,25797.50,25796.75,25797.00,0.00,good and bad
2025-12-08 06:23:00,645,25797.25,25797.50,25796.25,25796.25,-1.00,bad
2025-12-08 06:23:30,646,25796.50,25796.50,25795.75,25796.25,-0.25,bad
2025-12-08 06:24:00,647,25796.00,25796.50,25795.50,25796.00,0.00,good and bad
2025-12-08 06:24:30,648,25796.00,25796.75,25795.75,25796.25,0.25,good
2025-12-08 06:25:00,649,25796.50,25796.50,25796.00,25796.50,0.00,good and bad
2025-12-08 06:25:30,650,25796.25,25798.50,25796.25,25798.50,2.25,good
2025-12-08 06:26:00,651,25798.25,25798.50,25797.50,25798.00,-0.25,bad
2025-12-08 06:26:30,652,25798.00,25798.50,25796.00,25797.75,-0.25,bad
2025-12-08 06:27:00,653,25797.50,25797.50,25796.00,25796.75,-0.75,bad
2025-12-08 06:27:30,654,25796.50,25798.00,25795.75,25798.00,1.50,good
2025-12-08 06:28:00,655,25797.50,25797.75,25796.75,25797.25,-0.25,bad
2025-12-08 06:28:30,656,25797.25,25799.00,25797.25,25798.75,1.50,good
2025-12-08 06:29:00,657,25798.75,25799.00,25797.00,25797.00,-1.75,bad
2025-12-08 06:29:30,658,25796.75,25796.75,25795.75,25796.50,-0.25,bad
2025-12-08 06:30:00,659,25796.50,25796.75,25795.75,25796.25,-0.25,bad
2025-12-08 06:30:30,660,25796.50,25798.50,25796.50,25798.00,1.50,good
2025-12-08 06:31:00,661,25798.25,25798.50,25797.75,25798.00,-0.25,bad
2025-12-08 06:31:30,662,25798.25,25800.25,25797.25,25797.50,-0.75,bad
2025-12-08 06:32:00,663,25797.50,25799.00,25797.25,25798.75,1.25,good
2025-12-08 06:32:30,664,25798.25,25799.50,25798.25,25799.25,1.00,good
2025-12-08 06:33:00,665,25798.75,25799.75,25797.75,25799.50,0.75,good
2025-12-08 06:33:30,666,25799.25,25799.75,25798.00,25799.75,0.50,good
2025-12-08 06:34:00,667,25799.75,25800.00,25798.25,25799.75,0.00,good and bad
2025-12-08 06:34:30,668,25799.75,25800.25,25799.25,25800.00,0.25,good
2025-12-08 06:35:00,669,25800.25,25800.75,25798.00,25798.25,-2.00,bad
2025-12-08 06:35:30,670,25798.25,25798.50,25797.25,25798.25,0.00,good and bad
2025-12-08 06:36:00,671,25798.00,25798.50,25794.25,25795.25,-2.75,bad
2025-12-08 06:36:30,672,25795.25,25796.75,25793.75,25796.00,0.75,good
2025-12-08 06:37:00,673,25795.50,25796.00,25793.75,25795.25,-0.25,bad
2025-12-08 06:37:30,674,25795.25,25797.50,25795.25,25796.50,1.25,good
2025-12-08 06:38:00,675,25796.25,25797.50,25796.00,25797.25,1.00,good
2025-12-08 06:38:30,676,25797.25,25799.25,25797.00,25799.00,1.75,good
2025-12-08 06:39:00,677,25799.25,25800.50,25799.00,25800.00,0.75,good
2025-12-08 06:39:30,678,25800.00,25800.25,25798.50,25798.50,-1.50,bad
2025-12-08 06:40:00,679,25798.25,25799.25,25798.00,25798.00,-0.25,bad
2025-12-08 06:40:30,680,25798.25,25800.00,25798.25,25799.75,1.50,good
2025-12-08 06:41:00,681,25799.25,25800.00,25799.25,25799.50,0.25,good
2025-12-08 06:41:30,682,25799.75,25799.75,25798.75,25798.75,-1.00,bad
2025-12-08 06:42:00,683,25798.75,25800.00,25797.75,25798.75,0.00,good and bad
2025-12-08 06:42:30,684,25798.50,25798.75,25796.75,25796.75,-1.75,bad
2025-12-08 06:43:00,685,25797.25,25797.75,25796.75,25797.75,0.50,good
2025-12-08 06:43:30,686,25797.25,25799.00,25797.25,25798.50,1.25,good
2025-12-08 06:44:00,687,25798.75,25799.25,25797.50,25798.25,-0.50,bad
2025-12-08 06:44:30,688,25798.25,25798.50,25796.50,25797.00,-1.25,bad
2025-12-08 06:45:00,689,25797.25,25798.00,25797.00,25797.75,0.50,good
2025-12-08 06:45:30,690,25797.75,25800.00,25797.75,25799.50,1.75,good
2025-12-08 06:46:00,691,25799.50,25800.00,25797.25,25798.00,-1.50,bad
2025-12-08 06:46:30,692,25797.75,25797.75,25796.50,25797.25,-0.50,bad
2025-12-08 06:47:00,693,25797.50,25797.75,25797.00,25797.25,-0.25,bad
2025-12-08 06:47:30,694,25797.50,25799.75,25797.50,25798.75,1.25,good
2025-12-08 06:48:00,695,25799.00,25800.75,25798.75,25800.00,1.00,good
2025-12-08 06:48:30,696,25800.00,25800.75,25798.75,25798.75,-1.25,bad
2025-12-08 06:49:00,697,25798.50,25799.25,25798.00,25799.25,0.75,good
2025-12-08 06:49:30,698,25799.00,25799.00,25798.00,25798.25,-0.75,bad
2025-12-08 06:50:00,699,25798.50,25799.00,25798.25,25798.25,-0.25,bad
2025-12-08 06:50:30,700,25798.00,25798.00,25795.75,25796.50,-1.50,bad
2025-12-08 06:51:00,701,25796.25,25796.25,25794.50,25796.00,-0.25,bad
2025-12-08 06:51:30,702,25796.25,25796.75,25795.50,25796.25,0.00,good and bad
2025-12-08 06:52:00,703,25796.50,25797.50,25796.00,25797.25,0.75,good
2025-12-08 06:52:30,704,25797.25,25799.75,25796.75,25799.75,2.50,good
2025-12-08 06:53:00,705,25799.75,25801.00,25799.50,25801.00,1.25,good
2025-12-08 06:53:30,706,25801.00,25802.25,25799.25,25801.75,0.75,good
2025-12-08 06:54:00,707,25801.75,25801.75,25799.75,25800.75,-1.00,bad
2025-12-08 06:54:30,708,25800.25,25801.75,25800.25,25801.75,1.50,good
2025-12-08 06:55:00,709,25802.00,25802.50,25801.50,25801.75,-0.25,bad
2025-12-08 06:55:30,710,25802.25,25802.50,25801.75,25802.25,0.00,good and bad
2025-12-08 06:56:00,711,25802.25,25802.25,25800.25,25801.75,-0.50,bad
2025-12-08 06:56:30,712,25802.00,25803.25,25802.00,25802.25,0.25,good
2025-12-08 06:57:00,713,25802.00,25802.25,25800.25,25800.50,-1.50,bad
2025-12-08 06:57:30,714,25800.75,25801.25,25799.75,25801.00,0.25,good
2025-12-08 06:58:00,715,25801.25,25802.25,25800.75,25802.00,0.75,good
2025-12-08 06:58:30,716,25802.00,25802.50,25800.25,25800.50,-1.50,bad
2025-12-08 06:59:00,717,25800.25,25801.00,25800.00,25800.50,0.25,good
2025-12-08 06:59:30,718,25800.50,25800.50,25799.00,25799.25,-1.25,bad
2025-12-08 07:00:00,719,25799.25,25799.50,25798.50,25799.00,-0.25,bad
2025-12-08 07:00:30,720,25799.00,25799.25,25795.25,25796.25,-2.75,bad
2025-12-08 07:01:00,721,25795.50,25797.25,25795.25,25795.75,0.25,good
2025-12-08 07:01:30,722,25796.25,25798.00,25795.50,25797.00,0.75,good
2025-12-08 07:02:00,723,25797.50,25799.00,25797.00,25797.75,0.25,good
2025-12-08 07:02:30,724,25798.00,25798.75,25796.50,25797.50,-0.50,bad
2025-12-08 07:03:00,725,25797.25,25797.50,25794.75,25794.75,-2.50,bad
2025-12-08 07:03:30,726,25795.00,25796.50,25795.00,25796.25,1.25,good
2025-12-08 07:04:00,727,25796.00,25796.50,25794.50,25795.50,-0.50,bad
2025-12-08 07:04:30,728,25795.75,25796.50,25792.50,25794.00,-1.75,bad
2025-12-08 07:05:00,729,25794.25,25795.75,25793.75,25794.00,-0.25,bad
2025-12-08 07:05:30,730,25794.50,25796.25,25794.25,25795.75,1.25,good
2025-12-08 07:06:00,731,25795.00,25795.50,25794.50,25795.25,0.25,good
2025-12-08 07:06:30,732,25795.75,25796.00,25794.50,25794.50,-1.25,bad
2025-12-08 07:07:00,733,25794.75,25795.00,25793.75,25794.75,0.00,good and bad
2025-12-08 07:07:30,734,25795.00,25795.75,25793.75,25794.75,-0.25,bad
2025-12-08 07:08:00,735,25794.25,25796.50,25793.25,25795.75,1.50,good
2025-12-08 07:08:30,736,25796.25,25797.00,25796.00,25797.00,0.75,good
2025-12-08 07:09:00,737,25796.75,25796.75,25794.75,25796.25,-0.50,bad
2025-12-08 07:09:30,738,25796.25,25796.50,25795.25,25795.25,-1.00,bad
2025-12-08 07:10:00,739,25795.25,25795.75,25792.50,25792.50,-2.75,bad
2025-12-08 07:10:30,740,25792.50,25794.75,25790.50,25794.00,1.50,good
2025-12-08 07:11:00,741,25794.25,25794.75,25793.00,25793.00,-1.25,bad
2025-12-08 07:11:30,742,25793.50,25798.25,25793.50,25796.75,3.25,good
2025-12-08 07:12:00,743,25796.75,25799.00,25796.50,25798.50,1.75,good
2025-12-08 07:12:30,744,25798.25,25799.25,25796.50,25797.75,-0.50,bad
2025-12-08 07:13:00,745,25797.50,25798.00,25796.50,25796.75,-0.75,bad
2025-12-08 07:13:30,746,25796.75,25797.75,25796.00,25797.75,1.00,good
2025-12-08 07:14:00,747,25797.75,25799.00,25797.75,25798.75,1.00,good
2025-12-08 07:14:30,748,25798.50,25799.25,25797.50,25797.50,-1.00,bad
2025-12-08 07:15:00,749,25798.00,25798.75,25798.00,25798.75,0.75,good
2025-12-08 07:15:30,750,25798.75,25799.25,25798.50,25799.00,0.25,good
2025-12-08 07:16:00,751,25799.00,25799.00,25798.25,25798.75,-0.25,bad
2025-12-08 07:16:30,752,25798.50,25798.75,25796.75,25797.75,-0.75,bad
2025-12-08 07:17:00,753,25797.50,25799.25,25797.50,25799.25,1.75,good
2025-12-08 07:17:30,754,25798.50,25800.00,25798.00,25799.75,1.25,good
2025-12-08 07:18:00,755,25799.75,25800.25,25799.50,25799.50,-0.25,bad
2025-12-08 07:18:30,756,25799.75,25800.25,25798.75,25800.00,0.25,good
2025-12-08 07:19:00,757,25799.75,25800.50,25799.25,25799.75,0.00,good and bad
2025-12-08 07:19:30,758,25799.50,25801.75,25799.50,25801.25,1.75,good
2025-12-08 07:20:00,759,25801.00,25802.50,25800.50,25801.75,0.75,good
2025-12-08 07:20:30,760,25801.75,25802.75,25800.50,25802.00,0.25,good
2025-12-08 07:21:00,761,25802.25,25802.25,25800.75,25801.00,-1.25,bad
2025-12-08 07:21:30,762,25800.75,25801.75,25800.00,25800.00,-0.75,bad
2025-12-08 07:22:00,763,25799.75,25800.75,25799.25,25800.25,0.50,good
2025-12-08 07:22:30,764,25800.25,25800.25,25799.25,25799.25,-1.00,bad
2025-12-08 07:23:00,765,25799.25,25799.25,25798.00,25798.50,-0.75,bad
2025-12-08 07:23:30,766,25798.50,25801.00,25797.50,25801.00,2.50,good
2025-12-08 07:24:00,767,25801.00,25802.50,25800.25,25802.50,1.50,good
2025-12-08 07:24:30,768,25802.25,25802.75,25801.00,25801.00,-1.25,bad
2025-12-08 07:25:00,769,25801.50,25802.25,25801.00,25802.00,0.50,good
2025-12-08 07:25:30,770,25802.00,25803.75,25801.75,25803.25,1.25,good
2025-12-08 07:26:00,771,25803.00,25804.00,25803.00,25804.00,1.00,good
2025-12-08 07:26:30,772,25804.00,25804.00,25801.75,25802.75,-1.25,bad
2025-12-08 07:27:00,773,25802.75,25803.00,25801.75,25801.75,-1.00,bad
2025-12-08 07:27:30,774,25802.00,25803.25,25801.75,25803.00,1.00,good
2025-12-08 07:28:00,775,25802.75,25803.00,25801.75,25802.25,-0.50,bad
2025-12-08 07:28:30,776,25802.00,25802.25,25800.50,25800.75,-1.25,bad
2025-12-08 07:29:00,777,25801.00,25803.00,25801.00,25803.00,2.00,good
2025-12-08 07:29:30,778,25802.75,25803.00,25801.00,25801.25,-1.50,bad
2025-12-08 07:30:00,779,25801.25,25801.50,25800.25,25800.75,-0.50,bad
2025-12-08 07:30:30,780,25800.75,25803.25,25800.75,25803.00,2.25,good
2025-12-08 07:31:00,781,25803.25,25803.25,25801.75,25801.75,-1.50,bad
2025-12-08 07:31:30,782,25801.75,25802.25,25801.50,25801.50,-0.25,bad
2025-12-08 07:32:00,783,25801.50,25801.50,25800.25,25800.25,-1.25,bad
2025-12-08 07:32:30,784,25800.50,25801.50,25799.75,25800.50,0.00,good and bad
2025-12-08 07:33:00,785,25801.00,25801.00,25799.75,25800.75,-0.25,bad
2025-12-08 07:33:30,786,25800.75,25801.00,25799.50,25800.25,-0.50,bad
2025-12-08 07:34:00,787,25800.50,25801.50,25800.50,25801.50,1.00,good
2025-12-08 07:34:30,788,25801.00,25803.00,25801.00,25802.50,1.50,good
2025-12-08 07:35:00,789,25802.50,25804.00,25801.75,25803.50,1.00,good
2025-12-08 07:35:30,790,25803.25,25804.00,25802.75,25803.25,0.00,good and bad
2025-12-08 07:36:00,791,25803.25,25804.50,25802.50,25802.50,-0.75,bad
2025-12-08 07:36:30,792,25802.25,25803.50,25801.50,25803.00,0.75,good
2025-12-08 07:37:00,793,25803.00,25803.50,25802.75,25803.25,0.25,good
2025-12-08 07:37:30,794,25803.00,25803.00,25801.25,25802.25,-0.75,bad
2025-12-08 07:38:00,795,25802.50,25802.50,25800.50,25801.00,-1.50,bad
2025-12-08 07:38:30,796,25801.00,25801.75,25800.50,25801.00,0.00,good and bad
2025-12-08 07:39:00,797,25800.75,25801.25,25799.50,25800.75,0.00,good and bad
2025-12-08 07:39:30,798,25801.00,25801.25,25799.75,25799.75,-1.25,bad
2025-12-08 07:40:00,799,25800.00,25800.25,25799.50,25800.25,0.25,good
2025-12-08 07:40:30,800,25800.25,25800.50,25799.00,25800.50,0.25,good
2025-12-08 07:41:00,801,25800.75,25801.00,25798.75,25799.25,-1.50,bad
2025-12-08 07:41:30,802,25799.00,25800.00,25798.00,25800.00,1.00,good
2025-12-08 07:42:00,803,25800.00,25800.75,25799.50,25800.25,0.25,good
2025-12-08 07:42:30,804,25800.75,25800.75,25798.75,25800.00,-0.75,bad
2025-12-08 07:43:00,805,25800.00,25800.25,25799.75,25800.00,0.00,good and bad
2025-12-08 07:43:30,806,25800.00,25800.75,25799.50,25799.50,-0.50,bad
2025-12-08 07:44:00,807,25800.25,25801.50,25800.25,25800.50,0.25,good
2025-12-08 07:44:30,808,25800.25,25801.75,25800.25,25800.50,0.25,good
2025-12-08 07:45:00,809,25800.50,25801.00,25800.25,25800.75,0.25,good
2025-12-08 07:45:30,810,25800.75,25801.50,25800.50,25801.50,0.75,good
2025-12-08 07:46:00,811,25801.75,25802.00,25801.50,25801.50,-0.25,bad
2025-12-08 07:46:30,812,25801.75,25802.75,25801.75,25801.75,0.00,good and bad
2025-12-08 07:47:00,813,25801.75,25802.00,25801.50,25801.50,-0.25,bad
2025-12-08 07:47:30,814,25802.00,25803.25,25801.75,25803.00,1.00,good
2025-12-08 07:48:00,815,25803.25,25803.50,25802.75,25803.00,-0.25,bad
2025-12-08 07:48:30,816,25802.75,25803.25,25802.50,25802.50,-0.25,bad
2025-12-08 07:49:00,817,25802.50,25802.75,25801.25,25801.50,-1.00,bad
2025-12-08 07:49:30,818,25801.50,25801.75,25799.75,25799.75,-1.75,bad
2025-12-08 07:50:00,819,25800.00,25800.00,25798.75,25799.50,-0.50,bad
2025-12-08 07:50:30,820,25799.00,25800.00,25798.50,25799.25,0.25,good
2025-12-08 07:51:00,821,25799.50,25799.50,25797.00,25797.50,-2.00,bad
2025-12-08 07:51:30,822,25797.75,25798.00,25796.75,25797.25,-0.50,bad
2025-12-08 07:52:00,823,25797.00,25798.25,25797.00,25797.00,0.00,good and bad
2025-12-08 07:52:30,824,25797.25,25797.75,25795.50,25796.00,-1.25,bad
2025-12-08 07:53:00,825,25796.00,25796.25,25793.00,25793.00,-3.00,bad
2025-12-08 07:53:30,826,25793.25,25793.50,25791.00,25791.50,-1.75,bad
2025-12-08 07:54:00,827,25792.25,25792.50,25791.25,25792.00,-0.25,bad
2025-12-08 07:54:30,828,25792.25,25794.75,25791.75,25794.25,2.00,good
2025-12-08 07:55:00,829,25794.00,25795.50,25793.50,25793.75,-0.25,bad
2025-12-08 07:55:30,830,25794.00,25795.50,25793.75,25795.25,1.25,good
2025-12-08 07:56:00,831,25795.75,25796.25,25794.00,25794.00,-1.75,bad
2025-12-08 07:56:30,832,25794.25,25796.25,25794.25,25795.25,1.00,good
2025-12-08 07:57:00,833,25794.75,25795.25,25794.25,25795.00,0.25,good
2025-12-08 07:57:30,834,25795.50,25796.50,25795.25,25795.50,0.00,good and bad
2025-12-08 07:58:00,835,25795.75,25796.50,25794.75,25795.25,-0.50,bad
2025-12-08 07:58:30,836,25795.25,25795.75,25794.75,25795.00,-0.25,bad
2025-12-08 07:59:00,837,25794.50,25794.50,25793.75,25794.50,0.00,good and bad
2025-12-08 07:59:30,838,25794.75,25795.00,25793.25,25795.00,0.25,good
2025-12-08 08:00:00,839,25794.75,25794.75,25794.00,25794.25,-0.50,bad
2025-12-08 08:00:30,840,25794.25,25796.50,25793.50,25796.25,2.00,good
2025-12-08 08:01:00,841,25796.25,25796.50,25794.25,25794.75,-1.50,bad
2025-12-08 08:01:30,842,25794.75,25796.00,25794.00,25795.75,1.00,good
2025-12-08 08:02:00,843,25796.00,25796.00,25793.50,25793.50,-2.50,bad
2025-12-08 08:02:30,844,25793.50,25794.50,25792.50,25792.50,-1.00,bad
2025-12-08 08:03:00,845,25792.25,25792.25,25787.75,25788.75,-3.50,bad
2025-12-08 08:03:30,846,25789.25,25789.50,25786.25,25787.75,-1.50,bad
2025-12-08 08:04:00,847,25787.75,25787.75,25785.25,25786.25,-1.50,bad
2025-12-08 08:04:30,848,25786.25,25794.75,25786.00,25792.50,6.25,good
2025-12-08 08:05:00,849,25793.00,25794.25,25792.00,25792.75,-0.25,bad
2025-12-08 08:05:30,850,25793.00,25794.50,25792.50,25793.50,0.50,good
2025-12-08 08:06:00,851,25793.75,25794.25,25790.75,25791.50,-2.25,bad
2025-12-08 08:06:30,852,25792.25,25792.25,25790.75,25791.75,-0.50,bad
2025-12-08 08:07:00,853,25792.00,25792.25,25791.00,25792.25,0.25,good
2025-12-08 08:07:30,854,25792.25,25794.50,25792.25,25794.25,2.00,good
2025-12-08 08:08:00,855,25794.50,25795.25,25793.00,25795.25,0.75,good
2025-12-08 08:08:30,856,25795.00,25795.25,25793.50,25793.50,-1.50,bad
2025-12-08 08:09:00,857,25794.00,25796.50,25793.75,25795.75,1.75,good
2025-12-08 08:09:30,858,25795.75,25801.25,25795.50,25800.25,4.50,good
2025-12-08 08:10:00,859,25800.00,25800.50,25798.75,25799.25,-0.75,bad
2025-12-08 08:10:30,860,25799.50,25801.25,25799.50,25801.25,1.75,good
2025-12-08 08:11:00,861,25800.50,25801.25,25799.00,25799.25,-1.25,bad
2025-12-08 08:11:30,862,25799.50,25802.50,25799.50,25802.25,2.75,good
2025-12-08 08:12:00,863,25801.50,25802.00,25800.75,25801.75,0.25,good
2025-12-08 08:12:30,864,25801.75,25803.25,25801.75,25802.50,0.75,good
2025-12-08 08:13:00,865,25802.75,25802.75,25800.75,25802.25,-0.50,bad
2025-12-08 08:13:30,866,25802.25,25803.00,25802.00,25802.50,0.25,good
2025-12-08 08:14:00,867,25802.50,25807.00,25802.50,25805.75,3.25,good
2025-12-08 08:14:30,868,25805.75,25807.00,25804.50,25807.00,1.25,good
2025-12-08 08:15:00,869,25806.75,25807.00,25805.75,25807.00,0.25,good
2025-12-08 08:15:30,870,25807.00,25807.75,25806.50,25806.75,-0.25,bad
2025-12-08 08:16:00,871,25806.75,25810.00,25806.25,25809.50,2.75,good
2025-12-08 08:16:30,872,25809.50,25811.50,25808.75,25809.50,0.00,good and bad
2025-12-08 08:17:00,873,25808.75,25809.75,25807.00,25808.75,0.00,good and bad
2025-12-08 08:17:30,874,25808.50,25810.75,25807.00,25807.00,-1.50,bad
2025-12-08 08:18:00,875,25807.00,25808.00,25806.50,25807.75,0.75,good
2025-12-08 08:18:30,876,25807.50,25808.25,25806.75,25808.00,0.50,good
