ts_local,bar_time_utc,bar_index,instrument,signal_type,price,supertrend,volume,netflow,ema_color_hist
2025-11-17 01:12:30.000,2025-11-17T07:12:30.0000000Z,24,MNQ 12-25,BULL,25095.75,25095.75,1,2.642952165064651,9_9_9
2025-11-17 01:51:30.000,2025-11-17T07:51:30.0000000Z,102,MNQ 12-25,BEAR,25166,25166,1,0.074927227306462063,3_3_4
2025-11-17 01:52:00.000,2025-11-17T07:52:00.0000000Z,103,MNQ 12-25,BULL,25168,25168,1,0.095959492551064507,6_6_6
2025-11-17 01:52:30.000,2025-11-17T07:52:30.0000000Z,104,MNQ 12-25,BEAR,25165.5,25165.5,1,-1,3_3_3
2025-11-17 01:53:00.000,2025-11-17T07:53:00.0000000Z,105,MNQ 12-25,BULL,25172.75,25172.75,1,1.7741675748747858,15_15_15
2025-11-17 01:54:30.000,2025-11-17T07:54:30.0000000Z,108,MNQ 12-25,BEAR,25167.25,25167.25,1,-1,5_5_4
2025-11-17 01:55:00.000,2025-11-17T07:55:00.0000000Z,109,MNQ 12-25,BULL,25176.75,25176.75,1,3.0135288447001956,15_15_15
2025-11-17 02:08:00.000,2025-11-17T08:08:00.0000000Z,135,MNQ 12-25,BEAR,25165,25165,1,-2,0_0_0
2025-11-17 02:29:00.000,2025-11-17T08:29:00.0000000Z,177,MNQ 12-25,BULL,25157.75,25157.75,1,1.8384205014296491,15_15_15
2025-11-17 03:03:00.000,2025-11-17T09:03:00.0000000Z,245,MNQ 12-25,BEAR,25222.5,25222.5,1,0,0_0_0
2025-11-17 03:12:00.000,2025-11-17T09:12:00.0000000Z,263,MNQ 12-25,BULL,25230.75,25230.75,1,1.8189707236236483,15_15_15
2025-11-17 03:13:00.000,2025-11-17T09:13:00.0000000Z,265,MNQ 12-25,BEAR,25227.25,25227.25,1,1.926160948658342,7_3_3
2025-11-17 03:13:30.000,2025-11-17T09:13:30.0000000Z,266,MNQ 12-25,BULL,25237.25,25237.25,1,3.486403016113472,15_15_15
2025-11-17 03:31:30.000,2025-11-17T09:31:30.0000000Z,302,MNQ 12-25,BEAR,25236.75,25236.75,1,-0.5,0_0_0
2025-11-17 03:38:30.000,2025-11-17T09:38:30.0000000Z,316,MNQ 12-25,BULL,25243.25,25243.25,1,1,15_15_15
2025-11-17 03:39:30.000,2025-11-17T09:39:30.0000000Z,318,MNQ 12-25,BEAR,25239,25239,1,0.5,0_0_0
2025-11-17 03:40:30.000,2025-11-17T09:40:30.0000000Z,320,MNQ 12-25,BULL,25235.5,25235.5,1,-1,0_0_0
2025-11-17 03:41:00.000,2025-11-17T09:41:00.0000000Z,321,MNQ 12-25,BEAR,25238.5,25238.5,1,1,0_0_0
2025-11-17 04:06:30.000,2025-11-17T10:06:30.0000000Z,372,MNQ 12-25,BULL,25216,25216,1,3.3080914353957755,10_10_10
2025-11-17 04:22:00.000,2025-11-17T10:22:00.0000000Z,403,MNQ 12-25,BEAR,25231.5,25231.5,1,0.4059145992236286,0_0_0
2025-11-17 04:22:30.000,2025-11-17T10:22:30.0000000Z,404,MNQ 12-25,BULL,25236.75,25236.75,1,1.0349128334309778,8_8_8
2025-11-17 04:24:00.000,2025-11-17T10:24:00.0000000Z,407,MNQ 12-25,BEAR,25232.75,25232.75,1,0.50440935548869215,0_0_0
2025-11-17 04:39:00.000,2025-11-17T10:39:00.0000000Z,437,MNQ 12-25,BULL,25222.5,25222.5,1,3.5192980777131613,6_7_9
2025-11-17 04:42:30.000,2025-11-17T10:42:30.0000000Z,444,MNQ 12-25,BEAR,25225.5,25225.5,1,2.4971091339758686,13_10_14
2025-11-17 04:43:00.000,2025-11-17T10:43:00.0000000Z,445,MNQ 12-25,BULL,25225.75,25225.75,1,2.5294522003837425,14_14_14
2025-11-17 04:43:30.000,2025-11-17T10:43:30.0000000Z,446,MNQ 12-25,BEAR,25219.75,25219.75,1,2.0016344826994028,0_0_0
2025-11-17 04:46:00.000,2025-11-17T10:46:00.0000000Z,451,MNQ 12-25,BULL,25222.25,25222.25,2,1.1020645844013774,0_0_0
2025-11-17 04:46:30.000,2025-11-17T10:46:30.0000000Z,452,MNQ 12-25,BEAR,25223.75,25223.75,1,1.2110545604162368,0_0_0
2025-11-17 04:47:30.000,2025-11-17T10:47:30.0000000Z,454,MNQ 12-25,BULL,25223,25223,1,1.2921113056042755,0_0_0
2025-11-17 04:48:00.000,2025-11-17T10:48:00.0000000Z,455,MNQ 12-25,BEAR,25223.75,25223.75,1,1.361923583713943,0_0_0
2025-11-17 04:49:00.000,2025-11-17T10:49:00.0000000Z,457,MNQ 12-25,BULL,25228.25,25228.25,1,2.3230738308192076,15_15_15
2025-11-17 04:49:30.000,2025-11-17T10:49:30.0000000Z,458,MNQ 12-25,BEAR,25226,25226,1,1.7218102759149136,13_13_13
2025-11-17 04:50:00.000,2025-11-17T10:50:00.0000000Z,459,MNQ 12-25,BULL,25229,25229,1,2.4578302693450973,15_15_15
2025-11-17 05:20:00.000,2025-11-17T11:20:00.0000000Z,519,MNQ 12-25,BEAR,25255,25255,1,2,0_0_0
2025-11-17 05:22:00.000,2025-11-17T11:22:00.0000000Z,523,MNQ 12-25,BULL,25258.75,25258.75,1,1,3_3_3
2025-11-17 05:24:30.000,2025-11-17T11:24:30.0000000Z,528,MNQ 12-25,BEAR,25257.5,25257.5,1,0.5,0_0_0
2025-11-17 05:40:00.000,2025-11-17T11:40:00.0000000Z,559,MNQ 12-25,BULL,25245.25,25245.25,1,1.5,0_0_0
2025-11-17 05:40:30.000,2025-11-17T11:40:30.0000000Z,560,MNQ 12-25,BEAR,25244.25,25244.25,1,0.5,0_0_0
2025-11-17 05:42:00.000,2025-11-17T11:42:00.0000000Z,563,MNQ 12-25,BULL,25250.25,25250.25,1,1.8997117644430745,15_15_15
2025-11-17 05:42:30.000,2025-11-17T11:42:30.0000000Z,564,MNQ 12-25,BEAR,25247.5,25247.5,1,1.8114084884325923,0_0_0
2025-11-17 05:45:00.000,2025-11-17T11:45:00.0000000Z,569,MNQ 12-25,BULL,25251,25251,1,4.2878932550408555,15_15_15
2025-11-17 05:46:00.000,2025-11-17T11:46:00.0000000Z,571,MNQ 12-25,BEAR,25247.75,25247.75,1,3.9272652476712393,0_0_0
2025-11-17 05:46:30.000,2025-11-17T11:46:30.0000000Z,572,MNQ 12-25,BULL,25249.25,25249.25,1,4.1061589844096735,15_15_7
2025-11-17 05:47:00.000,2025-11-17T11:47:00.0000000Z,573,MNQ 12-25,BEAR,25244,25244,1,2.095652965926794,0_0_0
2025-11-17 05:47:30.000,2025-11-17T11:47:30.0000000Z,574,MNQ 12-25,BULL,25250.5,25250.5,1,4.0175347456941228,12_12_15
2025-11-17 05:48:30.000,2025-11-17T11:48:30.0000000Z,576,MNQ 12-25,BEAR,25252,25252,1,4.3060362578318827,15_15_15
2025-11-17 05:49:00.000,2025-11-17T11:49:00.0000000Z,577,MNQ 12-25,BULL,25254.25,25254.25,1,4.5823359673133055,15_15_15
2025-11-17 06:32:30.000,2025-11-17T12:32:30.0000000Z,664,MNQ 12-25,BEAR,25275.25,25275.25,1,0.62106720248426672,0_0_0
2025-11-17 06:43:30.000,2025-11-17T12:43:30.0000000Z,686,MNQ 12-25,BULL,25278.5,25278.5,1,2.0031308283075844,15_15_15
2025-11-17 06:44:00.000,2025-11-17T12:44:00.0000000Z,687,MNQ 12-25,BEAR,25278.25,25278.25,1,3.6309313551449076,15_15_15
2025-11-17 06:44:30.000,2025-11-17T12:44:30.0000000Z,688,MNQ 12-25,BULL,25276.75,25276.75,1,3.0478595030684024,7_7_7
2025-11-17 06:45:00.000,2025-11-17T12:45:00.0000000Z,689,MNQ 12-25,BEAR,25274.5,25274.5,1,2.2742215196788296,0_0_0
2025-11-17 06:46:30.000,2025-11-17T12:46:30.0000000Z,692,MNQ 12-25,BULL,25279,25279,1,4.200959789539942,15_15_15
2025-11-17 06:47:30.000,2025-11-17T12:47:30.0000000Z,694,MNQ 12-25,BEAR,25277,25277,1,3.0368632362608476,3_2_6
2025-11-17 06:48:00.000,2025-11-17T12:48:00.0000000Z,695,MNQ 12-25,BULL,25280,25280,1,4.3929565793210772,15_15_15
2025-11-17 06:49:00.000,2025-11-17T12:49:00.0000000Z,697,MNQ 12-25,BEAR,25277,25277,1,2.6219897964230001,7_7_3
2025-11-17 06:49:30.000,2025-11-17T12:49:30.0000000Z,698,MNQ 12-25,BULL,25279,25279,2,3.2935783601684605,14_14_15
2025-11-17 06:50:30.000,2025-11-17T12:50:30.0000000Z,700,MNQ 12-25,BEAR,25276.25,25276.25,1,1.4729010544477803,0_0_0
2025-11-17 06:51:00.000,2025-11-17T12:51:00.0000000Z,701,MNQ 12-25,BULL,25277.25,25277.25,1,0.95908663312015197,0_0_0
2025-11-17 06:51:30.000,2025-11-17T12:51:30.0000000Z,702,MNQ 12-25,BEAR,25276.5,25276.5,3,0.30403081288742873,0_0_0
2025-11-17 06:53:00.000,2025-11-17T12:53:00.0000000Z,705,MNQ 12-25,BULL,25282.5,25282.5,1,3.4321794675000241,15_15_15
2025-11-17 06:55:30.000,2025-11-17T12:55:30.0000000Z,710,MNQ 12-25,BEAR,25281,25281,1,2.3608525699300209,10_11_15
2025-11-17 06:57:00.000,2025-11-17T12:57:00.0000000Z,713,MNQ 12-25,BULL,25281.25,25281.25,1,2.2272047269407547,15_15_15
2025-11-17 06:57:30.000,2025-11-17T12:57:30.0000000Z,714,MNQ 12-25,BEAR,25281,25281,1,2.1955501614926551,10_10_14
2025-11-17 06:58:00.000,2025-11-17T12:58:00.0000000Z,715,MNQ 12-25,BULL,25282,25282,1,3.4117159899406522,15_15_15
2025-11-17 06:58:30.000,2025-11-17T12:58:30.0000000Z,716,MNQ 12-25,BEAR,25280.75,25280.75,1,1.3042061495657324,12_13_10
2025-11-17 07:03:30.000,2025-11-17T13:03:30.0000000Z,726,MNQ 12-25,BULL,25281.75,25281.75,1,1.8993445498360084,15_15_15
2025-11-17 07:04:30.000,2025-11-17T13:04:30.0000000Z,728,MNQ 12-25,BEAR,25280.75,25280.75,1,1.4995958147415385,15_13_15
2025-11-17 07:05:00.000,2025-11-17T13:05:00.0000000Z,729,MNQ 12-25,BULL,25281,25281,1,1.5976594739765666,14_15_14
2025-11-17 07:05:30.000,2025-11-17T13:05:30.0000000Z,730,MNQ 12-25,BEAR,25279.25,25279.25,1,0.9874011794208557,14_14_0
2025-11-17 07:06:30.000,2025-11-17T13:06:30.0000000Z,732,MNQ 12-25,BULL,25279.25,25279.25,1,1.7122436277618132,0_0_0
2025-11-17 07:07:00.000,2025-11-17T13:07:00.0000000Z,733,MNQ 12-25,BEAR,25284.75,25284.75,1,4.3776172999080458,15_15_15
2025-11-17 07:07:30.000,2025-11-17T13:07:30.0000000Z,734,MNQ 12-25,BULL,25282,25282,1,3.7124049229114444,14_14_13
2025-11-17 07:09:30.000,2025-11-17T13:09:30.0000000Z,738,MNQ 12-25,BEAR,25268.5,25268.5,1,-2,0_0_0
2025-11-17 07:16:30.000,2025-11-17T13:16:30.0000000Z,752,MNQ 12-25,BULL,25277.5,25277.5,1,2,15_10_13
2025-11-17 07:17:00.000,2025-11-17T13:17:00.0000000Z,753,MNQ 12-25,BEAR,25281,25281,1,3.4251554934286981,15_15_15
2025-11-17 07:17:30.000,2025-11-17T13:17:30.0000000Z,754,MNQ 12-25,BULL,25278.75,25278.75,1,2.9665571982237036,15_15_15
2025-11-17 07:20:00.000,2025-11-17T13:20:00.0000000Z,759,MNQ 12-25,BEAR,25270.5,25270.5,1,-0.5,0_0_0
2025-11-17 07:25:00.000,2025-11-17T13:25:00.0000000Z,769,MNQ 12-25,BULL,25271.5,25271.5,1,0,0_0_0
2025-11-17 07:25:30.000,2025-11-17T13:25:30.0000000Z,770,MNQ 12-25,BEAR,25273,25273,1,0,0_0_0
2025-11-17 07:26:30.000,2025-11-17T13:26:30.0000000Z,772,MNQ 12-25,BULL,25278.25,25278.25,1,1.7795801211271254,15_15_15
2025-11-17 07:27:30.000,2025-11-17T13:27:30.0000000Z,774,MNQ 12-25,BEAR,25266,25266,1,-2.5,0_0_0
2025-11-17 07:31:30.000,2025-11-17T13:31:30.0000000Z,782,MNQ 12-25,BULL,25269.75,25269.75,1,0.5,0_0_0
2025-11-17 07:32:00.000,2025-11-17T13:32:00.0000000Z,783,MNQ 12-25,BEAR,25265.75,25265.75,1,-3,0_0_0
2025-11-17 07:33:00.000,2025-11-17T13:33:00.0000000Z,785,MNQ 12-25,BULL,25275.75,25275.75,1,2.7252931351037377,15_15_15
2025-11-17 07:35:30.000,2025-11-17T13:35:30.0000000Z,790,MNQ 12-25,BEAR,25265.5,25265.5,1,-1.5,0_0_0
2025-11-17 07:51:30.000,2025-11-17T13:51:30.0000000Z,822,MNQ 12-25,BULL,25263.5,25263.5,1,-1.2544662196410463,0_0_0
2025-11-17 07:52:00.000,2025-11-17T13:52:00.0000000Z,823,MNQ 12-25,BEAR,25262.5,25262.5,1,-0.94122884196065282,0_0_0
2025-11-17 08:06:30.000,2025-11-17T14:06:30.0000000Z,852,MNQ 12-25,BULL,25255,25255,1,3.1190681559312878,10_9_9
2025-11-17 08:07:00.000,2025-11-17T14:07:00.0000000Z,853,MNQ 12-25,BEAR,25254.5,25254.5,1,3.250787745430737,4_5_7
2025-11-17 08:07:30.000,2025-11-17T14:07:30.0000000Z,854,MNQ 12-25,BULL,25255.5,25255.5,4,3.4633376854569953,10_9_10
2025-11-17 08:12:00.000,2025-11-17T14:12:00.0000000Z,863,MNQ 12-25,BEAR,25244.5,25244.5,1,0,0_0_0
2025-11-17 08:16:00.000,2025-11-17T14:16:00.0000000Z,871,MNQ 12-25,BULL,25251,25251,1,0,6_8_6
2025-11-17 08:17:30.000,2025-11-17T14:17:30.0000000Z,874,MNQ 12-25,BEAR,25247.5,25247.5,1,-1,0_0_0
2025-11-17 08:18:30.000,2025-11-17T14:18:30.0000000Z,876,MNQ 12-25,BULL,25255.5,25255.5,1,4.0715478862956189,15_15_15
2025-11-17 08:33:30.000,2025-11-17T14:33:30.0000000Z,906,MNQ 12-25,BEAR,25251.25,25251.25,1,-2,0_0_0
2025-11-17 08:59:30.000,2025-11-17T14:59:30.0000000Z,958,MNQ 12-25,BULL,25244,25244,1,3.3169597754325229,15_15_15
2025-11-17 09:01:30.000,2025-11-17T15:01:30.0000000Z,962,MNQ 12-25,BEAR,25244,25244,1,3.7932812029578376,15_15_14
2025-11-17 09:02:00.000,2025-11-17T15:02:00.0000000Z,963,MNQ 12-25,BULL,25238,25238,1,2.3121846607892955,0_0_0
2025-11-17 09:43:00.000,2025-11-17T15:43:00.0000000Z,1045,MNQ 12-25,BEAR,25314.25,25314.25,1,-1,4_4_3
2025-11-17 09:43:30.000,2025-11-17T15:43:30.0000000Z,1046,MNQ 12-25,BULL,25320,25320,1,1.1522440759581523,15_15_15
2025-11-17 09:44:00.000,2025-11-17T15:44:00.0000000Z,1047,MNQ 12-25,BEAR,25317.5,25317.5,1,1.0592205586352197,7_7_7
2025-11-17 09:44:30.000,2025-11-17T15:44:30.0000000Z,1048,MNQ 12-25,BULL,25314.5,25314.5,2,-1,2_2_3
2025-11-17 09:45:00.000,2025-11-17T15:45:00.0000000Z,1049,MNQ 12-25,BEAR,25316.25,25316.25,1,0.5,5_4_5
2025-11-17 09:45:30.000,2025-11-17T15:45:30.0000000Z,1050,MNQ 12-25,BULL,25317.25,25317.25,1,0,6_6_6
2025-11-17 09:46:00.000,2025-11-17T15:46:00.0000000Z,1051,MNQ 12-25,BEAR,25318.75,25318.75,1,1.1318209155245857,9_9_8
2025-11-17 09:46:30.000,2025-11-17T15:46:30.0000000Z,1052,MNQ 12-25,BULL,25317.25,25317.25,1,1.5680973441827701,5_5_5
2025-11-17 09:49:30.000,2025-11-17T15:49:30.0000000Z,1058,MNQ 12-25,BEAR,25317.25,25317.25,1,3.5075936244270167,5_5_5
2025-11-17 09:51:00.000,2025-11-17T15:51:00.0000000Z,1061,MNQ 12-25,BULL,25316.75,25316.75,1,2.5,7_5_4
2025-11-17 10:01:30.000,2025-11-17T16:01:30.0000000Z,1082,MNQ 12-25,BEAR,25305.75,25305.75,1,-2,0_0_0
2025-11-17 10:05:00.000,2025-11-17T16:05:00.0000000Z,1089,MNQ 12-25,BULL,25325.25,25325.25,1,3.6503992257582487,15_15_15
2025-11-17 11:03:00.000,2025-11-17T17:03:00.0000000Z,1205,MNQ 12-25,BEAR,25330.75,25330.75,1,1.5,0_0_0
2025-11-17 11:30:30.000,2025-11-17T17:30:30.0000000Z,1260,MNQ 12-25,BULL,25313.75,25313.75,1,2.5,0_0_0
2025-11-17 11:31:00.000,2025-11-17T17:31:00.0000000Z,1261,MNQ 12-25,BEAR,25310.75,25310.75,1,1,0_0_0
2025-11-17 11:33:00.000,2025-11-17T17:33:00.0000000Z,1265,MNQ 12-25,BULL,25316.5,25316.5,1,3.6513542256498308,5_0_6
2025-11-17 11:33:30.000,2025-11-17T17:33:30.0000000Z,1266,MNQ 12-25,BEAR,25314,25314,1,3.5710525641769664,0_0_0
2025-11-17 11:34:00.000,2025-11-17T17:34:00.0000000Z,1267,MNQ 12-25,BULL,25313.75,25313.75,1,3.5547606279994675,0_0_0
2025-11-17 11:34:30.000,2025-11-17T17:34:30.0000000Z,1268,MNQ 12-25,BEAR,25305,25305,1,0.5,0_0_0
2025-11-17 12:13:30.000,2025-11-17T18:13:30.0000000Z,1346,MNQ 12-25,BULL,25288,25288,1,5.3770233465257435,15_15_15
2025-11-17 12:16:30.000,2025-11-17T18:16:30.0000000Z,1352,MNQ 12-25,BEAR,25276.25,25276.25,1,1.4311831797039476,0_0_0
2025-11-17 13:16:00.000,2025-11-17T19:16:00.0000000Z,1471,MNQ 12-25,BULL,25210.75,25210.75,1,2.4398048341616434,15_15_15
2025-11-17 13:23:30.000,2025-11-17T19:23:30.0000000Z,1486,MNQ 12-25,BEAR,25207.75,25207.75,1,-0.6038287231229309,0_0_0
2025-11-17 13:24:30.000,2025-11-17T19:24:30.0000000Z,1488,MNQ 12-25,BULL,25212.75,25212.75,1,-1.356776146011647,8_8_8
2025-11-17 13:25:00.000,2025-11-17T19:25:00.0000000Z,1489,MNQ 12-25,BEAR,25209.25,25209.25,1,-1.6208261168408795,3_3_0
2025-11-17 13:25:30.000,2025-11-17T19:25:30.0000000Z,1490,MNQ 12-25,BULL,25215,25215,1,-0.42784865180479237,10_10_10
2025-11-17 13:26:30.000,2025-11-17T19:26:30.0000000Z,1492,MNQ 12-25,BEAR,25213.25,25213.25,1,-1.5649534987821132,6_6_7
2025-11-17 13:27:00.000,2025-11-17T19:27:00.0000000Z,1493,MNQ 12-25,BULL,25212.5,25212.5,2,-1.6355781173799433,7_7_6
2025-11-17 13:27:30.000,2025-11-17T19:27:30.0000000Z,1494,MNQ 12-25,BEAR,25209.25,25209.25,1,-1.8826471065424515,0_0_0
2025-11-17 13:29:30.000,2025-11-17T19:29:30.0000000Z,1498,MNQ 12-25,BULL,25214.25,25214.25,1,0.65033565200964683,6_6_9
2025-11-17 13:30:30.000,2025-11-17T19:30:30.0000000Z,1500,MNQ 12-25,BEAR,25211,25211,1,-0.90532562578526576,0_0_0
2025-11-17 13:32:30.000,2025-11-17T19:32:30.0000000Z,1504,MNQ 12-25,BULL,25214.25,25214.25,1,2.6360752979664026,9_9_8
2025-11-17 13:42:00.000,2025-11-17T19:42:00.0000000Z,1523,MNQ 12-25,BEAR,25214.75,25214.75,1,1.5,0_0_0
2025-11-17 13:53:00.000,2025-11-17T19:53:00.0000000Z,1545,MNQ 12-25,BULL,25218.25,25218.25,1,2,15_15_15
2025-11-17 13:58:00.000,2025-11-17T19:58:00.0000000Z,1555,MNQ 12-25,BEAR,25201.25,25201.25,1,-2.5,0_0_0
2025-11-17 14:20:30.000,2025-11-17T20:20:30.0000000Z,1600,MNQ 12-25,BULL,25167.75,25167.75,1,0.39794888953859164,9_9_9
2025-11-17 14:22:00.000,2025-11-17T20:22:00.0000000Z,1603,MNQ 12-25,BEAR,25159.5,25159.5,1,-1.1897487911767697,0_0_0
2025-11-17 14:25:30.000,2025-11-17T20:25:30.0000000Z,1610,MNQ 12-25,BULL,25161.5,25161.5,1,0.52159870005494735,0_0_0
2025-11-17 14:26:00.000,2025-11-17T20:26:00.0000000Z,1611,MNQ 12-25,BEAR,25167.25,25167.25,1,0.38826086802984161,10_11_10
2025-11-17 14:26:30.000,2025-11-17T20:26:30.0000000Z,1612,MNQ 12-25,BULL,25171.25,25171.25,1,1.2256463315297346,15_15_15
2025-11-17 14:27:30.000,2025-11-17T20:27:30.0000000Z,1614,MNQ 12-25,BEAR,25163.25,25163.25,1,-1.4345920333111128,0_0_0
2025-11-17 14:28:30.000,2025-11-17T20:28:30.0000000Z,1616,MNQ 12-25,BULL,25165.75,25165.75,1,-0.4141267716327377,0_0_0
2025-11-17 14:29:00.000,2025-11-17T20:29:00.0000000Z,1617,MNQ 12-25,BEAR,25159.25,25159.25,1,-1.3018621681512115,0_0_0
2025-11-17 15:19:30.000,2025-11-17T21:19:30.0000000Z,1718,MNQ 12-25,BULL,25109.5,25109.5,1,0.17100220759656981,14_14_14
2025-11-17 15:20:30.000,2025-11-17T21:20:30.0000000Z,1720,MNQ 12-25,BEAR,25095.75,25095.75,1,-1.0270089072324895,0_0_0
2025-11-17 15:22:00.000,2025-11-17T21:22:00.0000000Z,1723,MNQ 12-25,BULL,25103,25103,1,0.25463114851459867,10_10_9
2025-11-17 15:22:30.000,2025-11-17T21:22:30.0000000Z,1724,MNQ 12-25,BEAR,25090.75,25090.75,1,-1.25967014086544,0_0_0
2025-11-17 15:29:00.000,2025-11-17T21:29:00.0000000Z,1737,MNQ 12-25,BULL,25101,25101,1,1.0596696901679485,13_13_12
2025-11-17 15:30:30.000,2025-11-17T21:30:30.0000000Z,1740,MNQ 12-25,BEAR,25096,25096,1,-0.3573683617297494,0_0_0
2025-11-17 15:57:30.000,2025-11-17T21:57:30.0000000Z,1794,MNQ 12-25,BULL,25055.25,25055.25,1,1.5062598464270387,14_14_15
2025-11-17 16:04:30.000,2025-11-17T22:04:30.0000000Z,1808,MNQ 12-25,BEAR,25051.75,25051.75,1,-1.4868599431641381,0_0_0
2025-11-17 16:06:30.000,2025-11-17T22:06:30.0000000Z,1812,MNQ 12-25,BULL,25059.5,25059.5,1,-0.56519486506672667,0_0_0
2025-11-17 16:07:00.000,2025-11-17T22:07:00.0000000Z,1813,MNQ 12-25,BEAR,25059.75,25059.75,1,-0.054246755972463756,3_3_0
2025-11-17 16:08:00.000,2025-11-17T22:08:00.0000000Z,1815,MNQ 12-25,BULL,25049.5,25049.5,1,-2,0_0_0
2025-11-17 16:08:30.000,2025-11-17T22:08:30.0000000Z,1816,MNQ 12-25,BEAR,25047.5,25047.5,1,-2,0_0_0
2025-11-17 16:34:00.000,2025-11-17T22:34:00.0000000Z,1867,MNQ 12-25,BULL,25068,25068,1,1.5259719001253025,15_15_15
2025-11-17 16:59:00.000,2025-11-17T22:59:00.0000000Z,1917,MNQ 12-25,BEAR,25203.5,25203.5,1,-1.7292580705352298,4_4_4
2025-11-17 16:59:30.000,2025-11-17T22:59:30.0000000Z,1918,MNQ 12-25,BULL,25211.5,25211.5,1,1.7035835324744166,6_6_6
2025-11-17 17:00:00.000,2025-11-17T23:00:00.0000000Z,1919,MNQ 12-25,BEAR,25208.25,25208.25,1,-1,5_5_5
2025-11-17 17:30:00.000,2025-11-17T23:30:00.0000000Z,1979,MNQ 12-25,BULL,25139.75,25139.75,1,1.3570369043918156,15_15_15
2025-11-17 17:32:30.000,2025-11-17T23:32:30.0000000Z,1984,MNQ 12-25,BEAR,25129,25129,1,0.68702353864681598,7_7_8
2025-11-17 17:33:00.000,2025-11-17T23:33:00.0000000Z,1985,MNQ 12-25,BULL,25136.25,25136.25,1,1.7590800830930782,13_13_13
2025-11-17 17:33:30.000,2025-11-17T23:33:30.0000000Z,1986,MNQ 12-25,BEAR,25102.75,25102.75,1,-1.0417573817737442,0_0_0
2025-11-17 17:46:30.000,2025-11-17T23:46:30.0000000Z,2012,MNQ 12-25,BULL,25117,25117,1,1.670168791247697,15_15_15
2025-11-17 17:48:00.000,2025-11-17T23:48:00.0000000Z,2015,MNQ 12-25,BEAR,25130.75,25130.75,1,1.9902184890563079,15_15_15
2025-11-17 17:48:30.000,2025-11-17T23:48:30.0000000Z,2016,MNQ 12-25,BULL,25129,25129,1,2.0239397091116258,15_15_15
2025-11-17 17:50:30.000,2025-11-17T23:50:30.0000000Z,2020,MNQ 12-25,BEAR,25104.25,25104.25,1,-0.54265405984971515,0_0_0
2025-11-17 18:28:00.000,2025-11-18T00:28:00.0000000Z,2095,MNQ 12-25,BULL,25018.5,25018.5,1,1.9403354785981581,15_15_15
2025-11-17 19:13:30.000,2025-11-18T01:13:30.0000000Z,2186,MNQ 12-25,BEAR,25157.5,25157.5,1,-1.5,0_0_0
2025-11-17 19:36:30.000,2025-11-18T01:36:30.0000000Z,2232,MNQ 12-25,BULL,25163,25163,1,0.6518844194497464,15_15_15
2025-11-17 19:37:00.000,2025-11-18T01:37:00.0000000Z,2233,MNQ 12-25,BEAR,25156.5,25156.5,1,0.59622475859281154,15_15_15
2025-11-17 20:19:00.000,2025-11-18T02:19:00.0000000Z,2317,MNQ 12-25,BULL,25004.25,25004.25,1,1.8738225888872893,13_13_13
2025-11-17 20:19:30.000,2025-11-18T02:19:30.0000000Z,2318,MNQ 12-25,BEAR,24988,24988,1,-1.0043192814552007,0_0_0
2025-11-17 20:23:00.000,2025-11-18T02:23:00.0000000Z,2325,MNQ 12-25,BULL,25007.25,25007.25,1,2.1644369318237793,15_15_15
2025-11-17 20:23:30.000,2025-11-18T02:23:30.0000000Z,2326,MNQ 12-25,BEAR,24993,24993,1,-0.29561828711958782,0_0_0
2025-11-17 20:39:30.000,2025-11-18T02:39:30.0000000Z,2358,MNQ 12-25,BULL,24980.75,24980.75,1,3.5,6_6_6
2025-11-17 20:40:30.000,2025-11-18T02:40:30.0000000Z,2360,MNQ 12-25,BEAR,24977.75,24977.75,1,3.6415399556435109,0_0_0
2025-11-17 20:43:30.000,2025-11-18T02:43:30.0000000Z,2366,MNQ 12-25,BULL,24989.75,24989.75,1,3.9746779290677576,15_15_15
2025-11-17 20:44:30.000,2025-11-18T02:44:30.0000000Z,2368,MNQ 12-25,BEAR,24980.75,24980.75,1,3.0019087620888509,0_0_0
2025-11-17 20:45:30.000,2025-11-18T02:45:30.0000000Z,2370,MNQ 12-25,BULL,24992.75,24992.75,1,5.4178889501552057,15_15_15
2025-11-17 20:53:00.000,2025-11-18T02:53:00.0000000Z,2385,MNQ 12-25,BEAR,24984.75,24984.75,1,1.5196551574902237,0_0_0
2025-11-17 22:20:00.000,2025-11-18T04:20:00.0000000Z,2559,MNQ 12-25,BULL,24808.25,24808.25,1,2.4319403527652241,15_15_15
2025-11-17 22:20:30.000,2025-11-18T04:20:30.0000000Z,2560,MNQ 12-25,BEAR,24788.75,24788.75,1,0.50894659227116312,11_11_12
2025-11-17 22:25:30.000,2025-11-18T04:25:30.0000000Z,2570,MNQ 12-25,BULL,24801.5,24801.5,1,1.3086934584007475,15_15_15
2025-11-17 22:26:00.000,2025-11-18T04:26:00.0000000Z,2571,MNQ 12-25,BEAR,24796.5,24796.5,1,0.81274561054140637,15_15_15
2025-11-17 22:26:30.000,2025-11-18T04:26:30.0000000Z,2572,MNQ 12-25,BULL,24804.75,24804.75,1,1.6124314301118661,15_15_15
2025-11-17 22:27:30.000,2025-11-18T04:27:30.0000000Z,2574,MNQ 12-25,BEAR,24796.25,24796.25,1,1.415525570102695,13_13_13
2025-11-17 22:28:00.000,2025-11-18T04:28:00.0000000Z,2575,MNQ 12-25,BULL,24792,24792,1,0.27583991363410743,8_8_8
2025-11-17 22:28:30.000,2025-11-18T04:28:30.0000000Z,2576,MNQ 12-25,BEAR,24786.75,24786.75,1,-0.9402930647050578,0_0_0
2025-11-17 22:32:00.000,2025-11-18T04:32:00.0000000Z,2583,MNQ 12-25,BULL,24808.75,24808.75,1,1.8763631179513651,15_15_15
2025-11-17 22:33:00.000,2025-11-18T04:33:00.0000000Z,2585,MNQ 12-25,BEAR,24795.5,24795.5,2,-0.32136771685117882,6_7_6
2025-11-17 22:46:30.000,2025-11-18T04:46:30.0000000Z,2612,MNQ 12-25,BULL,24812.5,24812.5,1,1.5616530817634255,15_15_15
2025-11-17 22:55:30.000,2025-11-18T04:55:30.0000000Z,2630,MNQ 12-25,BEAR,24824.5,24824.5,2,-0.63342144754564433,3_3_2
2025-11-17 22:56:00.000,2025-11-18T04:56:00.0000000Z,2631,MNQ 12-25,BULL,24838.75,24838.75,1,-0.0087687018092297286,9_9_9
2025-11-17 23:28:00.000,2025-11-18T05:28:00.0000000Z,2695,MNQ 12-25,BEAR,24894,24894,1,-1.5,0_0_0
2025-11-17 23:47:00.000,2025-11-18T05:47:00.0000000Z,2733,MNQ 12-25,BULL,24898.25,24898.25,1,5.0449805045924307,15_15_15
2025-11-17 23:49:30.000,2025-11-18T05:49:30.0000000Z,2738,MNQ 12-25,BEAR,24893.5,24893.5,1,3.3375630015596656,8_8_0
2025-11-17 23:50:30.000,2025-11-18T05:50:30.0000000Z,2740,MNQ 12-25,BULL,24897.25,24897.25,1,4.555089824398884,15_15_15
2025-11-17 23:51:30.000,2025-11-18T05:51:30.0000000Z,2742,MNQ 12-25,BEAR,24895,24895,5,3.3634210781027232,7_4_7
2025-11-17 23:52:00.000,2025-11-18T05:52:00.0000000Z,2743,MNQ 12-25,BULL,24896.5,24896.5,1,4.4250502175840456,14_14_15
2025-11-17 23:53:30.000,2025-11-18T05:53:30.0000000Z,2746,MNQ 12-25,BEAR,24895,24895,1,2.8090314140274515,0_0_0
2025-11-17 23:57:30.000,2025-11-18T05:57:30.0000000Z,2754,MNQ 12-25,BULL,24900,24900,1,3.4809445754651471,15_15_15
2025-11-17 23:58:00.000,2025-11-18T05:58:00.0000000Z,2755,MNQ 12-25,BEAR,24897,24897,1,2.2288643094638303,11_10_8
2025-11-17 23:58:30.000,2025-11-18T05:58:30.0000000Z,2756,MNQ 12-25,BULL,24898.75,24898.75,1,3.3012686521433743,12_12_14
2025-11-18 01:01:30.000,2025-11-18T07:01:30.0000000Z,2762,MNQ 12-25,BEAR,24902.5,24902.5,1,3.8764086297748985,12_12_12
2025-11-18 01:02:00.000,2025-11-18T07:02:00.0000000Z,2763,MNQ 12-25,BULL,24913.5,24913.5,1,5.5,15_15_15
2025-11-18 01:16:30.000,2025-11-18T07:16:30.0000000Z,2792,MNQ 12-25,BEAR,24893,24893,1,2,0_0_0
2025-11-18 01:25:30.000,2025-11-18T07:25:30.0000000Z,2810,MNQ 12-25,BULL,24910.5,24910.5,1,3.6575690487040458,15_15_15
2025-11-18 01:33:00.000,2025-11-18T07:33:00.0000000Z,2825,MNQ 12-25,BEAR,24912.75,24912.75,1,2.7525054925062662,0_0_0
2025-11-18 01:34:00.000,2025-11-18T07:34:00.0000000Z,2827,MNQ 12-25,BULL,24918.75,24918.75,1,2.7893081059290115,11_11_11
2025-11-18 01:34:30.000,2025-11-18T07:34:30.0000000Z,2828,MNQ 12-25,BEAR,24922.5,24922.5,1,4.4516866446824848,15_15_15
2025-11-18 01:35:00.000,2025-11-18T07:35:00.0000000Z,2829,MNQ 12-25,BULL,24921.75,24921.75,1,2.4226020014187619,12_12_14
2025-11-18 01:35:30.000,2025-11-18T07:35:30.0000000Z,2830,MNQ 12-25,BEAR,24920.5,24920.5,1,0.85462749999263199,11_12_11
2025-11-18 01:36:00.000,2025-11-18T07:36:00.0000000Z,2831,MNQ 12-25,BULL,24921.75,24921.75,1,2.4011836671977171,14_13_13
2025-11-18 01:37:00.000,2025-11-18T07:37:00.0000000Z,2833,MNQ 12-25,BEAR,24919.75,24919.75,1,0.75563254143999314,6_6_8
2025-11-18 01:37:30.000,2025-11-18T07:37:30.0000000Z,2834,MNQ 12-25,BULL,24925.25,24925.25,1,2.4981110307882695,15_15_15
2025-11-18 01:46:00.000,2025-11-18T07:46:00.0000000Z,2851,MNQ 12-25,BEAR,24919.5,24919.5,1,-1,0_0_0
2025-11-18 01:58:30.000,2025-11-18T07:58:30.0000000Z,2876,MNQ 12-25,BULL,24918,24918,1,0.5,0_0_2
2025-11-18 01:59:00.000,2025-11-18T07:59:00.0000000Z,2877,MNQ 12-25,BEAR,24918.75,24918.75,1,1.6203522991226542,5_7_5
2025-11-18 01:59:30.000,2025-11-18T07:59:30.0000000Z,2878,MNQ 12-25,BULL,24919.25,24919.25,1,1.7441383771164731,9_6_6
2025-11-18 02:13:30.000,2025-11-18T08:13:30.0000000Z,2906,MNQ 12-25,BEAR,24920,24920,1,0,0_0_0
2025-11-18 02:16:00.000,2025-11-18T08:16:00.0000000Z,2911,MNQ 12-25,BULL,24926.75,24926.75,1,0,0_0_0
2025-11-18 02:16:30.000,2025-11-18T08:16:30.0000000Z,2912,MNQ 12-25,BEAR,24919,24919,1,0,0_0_0
2025-11-18 02:48:00.000,2025-11-18T08:48:00.0000000Z,2975,MNQ 12-25,BULL,24864.5,24864.5,1,4.6224896995608384,15_15_15
2025-11-18 03:01:00.000,2025-11-18T09:01:00.0000000Z,3001,MNQ 12-25,BEAR,24852.5,24852.5,1,1.5,0_0_0
2025-11-18 03:02:30.000,2025-11-18T09:02:30.0000000Z,3004,MNQ 12-25,BULL,24879.75,24879.75,1,1.5,15_15_15
2025-11-18 03:03:30.000,2025-11-18T09:03:30.0000000Z,3006,MNQ 12-25,BEAR,24871.75,24871.75,1,1.5,0_0_0
2025-11-18 03:06:00.000,2025-11-18T09:06:00.0000000Z,3011,MNQ 12-25,BULL,24879.75,24879.75,1,3.0090578287325744,15_15_15
2025-11-18 03:06:30.000,2025-11-18T09:06:30.0000000Z,3012,MNQ 12-25,BEAR,24875.25,24875.25,1,3.0486544761344492,15_15_15
2025-11-18 03:07:00.000,2025-11-18T09:07:00.0000000Z,3013,MNQ 12-25,BULL,24879.75,24879.75,1,3.3722828364539357,15_15_15
2025-11-18 03:28:30.000,2025-11-18T09:28:30.0000000Z,3056,MNQ 12-25,BEAR,24926.5,24926.5,1,0.5,3_3_3
2025-11-18 03:32:30.000,2025-11-18T09:32:30.0000000Z,3064,MNQ 12-25,BULL,24926.75,24926.75,1,1.5,8_6_6
2025-11-18 03:33:00.000,2025-11-18T09:33:00.0000000Z,3065,MNQ 12-25,BEAR,24916,24916,1,1,0_0_0
2025-11-18 03:34:30.000,2025-11-18T09:34:30.0000000Z,3068,MNQ 12-25,BULL,24923.75,24923.75,1,2,2_2_2
2025-11-18 03:35:00.000,2025-11-18T09:35:00.0000000Z,3069,MNQ 12-25,BEAR,24926,24926,1,2.5,9_9_7
2025-11-18 03:35:30.000,2025-11-18T09:35:30.0000000Z,3070,MNQ 12-25,BULL,24923.75,24923.75,1,2,2_3_2
2025-11-18 03:36:00.000,2025-11-18T09:36:00.0000000Z,3071,MNQ 12-25,BEAR,24921,24921,1,2,0_0_0
2025-11-18 03:36:30.000,2025-11-18T09:36:30.0000000Z,3072,MNQ 12-25,BULL,24934.75,24934.75,1,4.3157718953620163,15_15_15
2025-11-18 03:38:30.000,2025-11-18T09:38:30.0000000Z,3076,MNQ 12-25,BEAR,24923.25,24923.25,1,2.3168164795796828,0_0_0
2025-11-18 03:39:00.000,2025-11-18T09:39:00.0000000Z,3077,MNQ 12-25,BULL,24930.25,24930.25,1,4.0105828058791255,8_8_7
2025-11-18 03:39:30.000,2025-11-18T09:39:30.0000000Z,3078,MNQ 12-25,BEAR,24933.5,24933.5,1,3.6548721844743195,14_14_15
2025-11-18 03:40:00.000,2025-11-18T09:40:00.0000000Z,3079,MNQ 12-25,BULL,24935.5,24935.5,1,3.7815290860221555,15_15_15
2025-11-18 03:41:00.000,2025-11-18T09:41:00.0000000Z,3081,MNQ 12-25,BEAR,24931.75,24931.75,1,3.5819425888482446,9_9_7
2025-11-18 03:41:30.000,2025-11-18T09:41:30.0000000Z,3082,MNQ 12-25,BULL,24940.25,24940.25,1,3.9491893117550108,15_15_15
2025-11-18 03:52:00.000,2025-11-18T09:52:00.0000000Z,3103,MNQ 12-25,BEAR,24940.25,24940.25,1,0.13487543323562234,0_1_0
2025-11-18 03:57:00.000,2025-11-18T09:57:00.0000000Z,3113,MNQ 12-25,BULL,24941,24941,1,0,0_0_0
2025-11-18 03:57:30.000,2025-11-18T09:57:30.0000000Z,3114,MNQ 12-25,BEAR,24940.75,24940.75,1,0,0_0_0
2025-11-18 03:58:30.000,2025-11-18T09:58:30.0000000Z,3116,MNQ 12-25,BULL,24940,24940,1,-0.5,0_0_0
2025-11-18 03:59:00.000,2025-11-18T09:59:00.0000000Z,3117,MNQ 12-25,BEAR,24937.5,24937.5,1,-1,0_0_0
2025-11-18 04:11:00.000,2025-11-18T10:11:00.0000000Z,3141,MNQ 12-25,BULL,24944,24944,1,4.9270893557107609,15_15_15
2025-11-18 04:13:00.000,2025-11-18T10:13:00.0000000Z,3145,MNQ 12-25,BEAR,24931.25,24931.25,1,1.8826390929008765,0_0_0
2025-11-18 04:17:00.000,2025-11-18T10:17:00.0000000Z,3153,MNQ 12-25,BULL,24928.75,24928.75,1,0.5,0_0_0
2025-11-18 04:17:30.000,2025-11-18T10:17:30.0000000Z,3154,MNQ 12-25,BEAR,24923.75,24923.75,1,-1,0_0_0
2025-11-18 04:22:00.000,2025-11-18T10:22:00.0000000Z,3163,MNQ 12-25,BULL,24933.25,24933.25,1,1.5,15_15_15
2025-11-18 04:22:30.000,2025-11-18T10:22:30.0000000Z,3164,MNQ 12-25,BEAR,24933.75,24933.75,1,2.5539697398731711,15_15_15
2025-11-18 04:23:00.000,2025-11-18T10:23:00.0000000Z,3165,MNQ 12-25,BULL,24931,24931,1,2.1444488446602588,9_8_10
2025-11-18 04:26:00.000,2025-11-18T10:26:00.0000000Z,3171,MNQ 12-25,BEAR,24928.5,24928.5,1,1.5965182085763843,0_0_0
2025-11-18 04:33:00.000,2025-11-18T10:33:00.0000000Z,3185,MNQ 12-25,BULL,24929.25,24929.25,1,2.1925706925707744,0_0_0
2025-11-18 04:33:30.000,2025-11-18T10:33:30.0000000Z,3186,MNQ 12-25,BEAR,24920.25,24920.25,1,-2,0_0_0
2025-11-18 04:54:30.000,2025-11-18T10:54:30.0000000Z,3228,MNQ 12-25,BULL,24880.25,24880.25,1,2.5,7_7_6
2025-11-18 04:55:00.000,2025-11-18T10:55:00.0000000Z,3229,MNQ 12-25,BEAR,24884,24884,1,3.113071914803994,9_9_9
2025-11-18 04:55:30.000,2025-11-18T10:55:30.0000000Z,3230,MNQ 12-25,BULL,24883.5,24883.5,1,3.8397045698009986,8_8_8
2025-11-18 04:56:30.000,2025-11-18T10:56:30.0000000Z,3232,MNQ 12-25,BEAR,24877.25,24877.25,1,2.7957170019064534,0_0_0
2025-11-18 04:57:00.000,2025-11-18T10:57:00.0000000Z,3233,MNQ 12-25,BULL,24875.25,24875.25,1,2.6726434183102215,0_0_0
2025-11-18 04:57:30.000,2025-11-18T10:57:30.0000000Z,3234,MNQ 12-25,BEAR,24873.75,24873.75,1,2.5338399262540836,0_0_0
2025-11-18 06:36:00.000,2025-11-18T12:36:00.0000000Z,3431,MNQ 12-25,BULL,24685,24685,1,0.88357828080775258,11_11_11
2025-11-18 06:36:30.000,2025-11-18T12:36:30.0000000Z,3432,MNQ 12-25,BEAR,24673.25,24673.25,1,-0.54506561060176661,0_0_0
2025-11-18 06:44:30.000,2025-11-18T12:44:30.0000000Z,3448,MNQ 12-25,BULL,24691,24691,1,1.3417850284424664,15_15_15
2025-11-18 06:47:30.000,2025-11-18T12:47:30.0000000Z,3454,MNQ 12-25,BEAR,24684.25,24684.25,2,0.19779781405847841,0_0_0
2025-11-18 06:49:30.000,2025-11-18T12:49:30.0000000Z,3458,MNQ 12-25,BULL,24694.25,24694.25,1,1.6662418948458777,13_13_15
2025-11-18 06:50:00.000,2025-11-18T12:50:00.0000000Z,3459,MNQ 12-25,BEAR,24693.5,24693.5,1,1.1709612794608315,12_11_13
2025-11-18 06:51:30.000,2025-11-18T12:51:30.0000000Z,3462,MNQ 12-25,BULL,24712.5,24712.5,1,2.0614765837903466,15_15_15
2025-11-18 07:03:30.000,2025-11-18T13:03:30.0000000Z,3486,MNQ 12-25,BEAR,24701.5,24701.5,1,-2,0_0_0
2025-11-18 07:09:00.000,2025-11-18T13:09:00.0000000Z,3497,MNQ 12-25,BULL,24746.5,24746.5,1,2.6598480784865961,15_15_15
2025-11-18 07:17:30.000,2025-11-18T13:17:30.0000000Z,3514,MNQ 12-25,BEAR,24739.75,24739.75,1,-0.17824571815485823,5_5_5
2025-11-18 07:18:00.000,2025-11-18T13:18:00.0000000Z,3515,MNQ 12-25,BULL,24743.25,24743.25,1,-0.76473781195653512,7_7_8
2025-11-18 07:19:00.000,2025-11-18T13:19:00.0000000Z,3517,MNQ 12-25,BEAR,24739,24739,1,-1.1616840164822606,3_3_3
2025-11-18 07:19:30.000,2025-11-18T13:19:30.0000000Z,3518,MNQ 12-25,BULL,24741.25,24741.25,1,-1.7349325807727185,5_5_5
2025-11-18 07:20:00.000,2025-11-18T13:20:00.0000000Z,3519,MNQ 12-25,BEAR,24749,24749,1,0.02681470304420408,11_11_11
2025-11-18 07:20:30.000,2025-11-18T13:20:30.0000000Z,3520,MNQ 12-25,BULL,24753.5,24753.5,1,0.28586866220337326,15_15_15
2025-11-18 07:22:30.000,2025-11-18T13:22:30.0000000Z,3524,MNQ 12-25,BEAR,24756.5,24756.5,1,0.61327730086520127,14_14_14
2025-11-18 07:23:00.000,2025-11-18T13:23:00.0000000Z,3525,MNQ 12-25,BULL,24751.5,24751.5,1,-0.12697163717979398,9_9_9
2025-11-18 07:25:00.000,2025-11-18T13:25:00.0000000Z,3529,MNQ 12-25,BEAR,24745.75,24745.75,1,-1.1340421446705196,2_1_2
2025-11-18 07:36:30.000,2025-11-18T13:36:30.0000000Z,3552,MNQ 12-25,BULL,24740.75,24740.75,1,1,4_3_3
2025-11-18 07:37:30.000,2025-11-18T13:37:30.0000000Z,3554,MNQ 12-25,BEAR,24739.5,24739.5,1,0,0_0_0
2025-11-18 07:38:00.000,2025-11-18T13:38:00.0000000Z,3555,MNQ 12-25,BULL,24734,24734,1,-1,0_0_0
2025-11-18 07:38:30.000,2025-11-18T13:38:30.0000000Z,3556,MNQ 12-25,BEAR,24737.5,24737.5,1,0.5,0_0_0
2025-11-18 07:40:30.000,2025-11-18T13:40:30.0000000Z,3560,MNQ 12-25,BULL,24736,24736,1,0.5,0_0_0
2025-11-18 07:41:00.000,2025-11-18T13:41:00.0000000Z,3561,MNQ 12-25,BEAR,24740.25,24740.25,1,1.0762890315672133,0_0_2
2025-11-18 07:43:00.000,2025-11-18T13:43:00.0000000Z,3565,MNQ 12-25,BULL,24742,24742,1,1.6417606824345605,15_15_15
2025-11-18 07:53:30.000,2025-11-18T13:53:30.0000000Z,3586,MNQ 12-25,BEAR,24732,24732,1,-2,0_0_0
2025-11-18 08:16:00.000,2025-11-18T14:16:00.0000000Z,3631,MNQ 12-25,BULL,24724.75,24724.75,1,1.650078417365799,11_10_11
2025-11-18 08:16:30.000,2025-11-18T14:16:30.0000000Z,3632,MNQ 12-25,BEAR,24719,24719,1,-1.0817043385427705,0_0_0
2025-11-18 08:17:30.000,2025-11-18T14:17:30.0000000Z,3634,MNQ 12-25,BULL,24731.25,24731.25,1,1.4505712691977539,15_15_15
2025-11-18 08:21:30.000,2025-11-18T14:21:30.0000000Z,3642,MNQ 12-25,BEAR,24731.5,24731.5,1,0.46079071670185634,8_2_6
2025-11-18 08:56:30.000,2025-11-18T14:56:30.0000000Z,3712,MNQ 12-25,BULL,24677.75,24677.75,1,3.7351905461008545,15_15_15
2025-11-18 08:58:30.000,2025-11-18T14:58:30.0000000Z,3716,MNQ 12-25,BEAR,24656.5,24656.5,1,1.8358238906471613,0_0_0
2025-11-18 09:23:30.000,2025-11-18T15:23:30.0000000Z,3766,MNQ 12-25,BULL,24654.25,24654.25,1,3.6805131590990081,15_15_15
2025-11-18 09:52:00.000,2025-11-18T15:52:00.0000000Z,3823,MNQ 12-25,BEAR,24711.5,24711.5,1,-2,0_0_0
2025-11-18 10:01:30.000,2025-11-18T16:01:30.0000000Z,3842,MNQ 12-25,BULL,24727.25,24727.25,1,4.5237414646087597,15_15_15
2025-11-18 10:48:00.000,2025-11-18T16:48:00.0000000Z,3935,MNQ 12-25,BEAR,24803,24803,1,2,0_0_0
2025-11-18 10:56:30.000,2025-11-18T16:56:30.0000000Z,3952,MNQ 12-25,BULL,24793.5,24793.5,1,1.5,0_0_0
2025-11-18 10:57:00.000,2025-11-18T16:57:00.0000000Z,3953,MNQ 12-25,BEAR,24804.5,24804.5,1,2,15_15_15
2025-11-18 10:57:30.000,2025-11-18T16:57:30.0000000Z,3954,MNQ 12-25,BULL,24807.5,24807.5,1,2,15_15_15
2025-11-18 11:01:30.000,2025-11-18T17:01:30.0000000Z,3962,MNQ 12-25,BEAR,24812,24812,1,4.782895887965303,15_15_15
2025-11-18 11:02:00.000,2025-11-18T17:02:00.0000000Z,3963,MNQ 12-25,BULL,24795.25,24795.25,1,2.0331713499158983,0_0_0
2025-11-18 11:02:30.000,2025-11-18T17:02:30.0000000Z,3964,MNQ 12-25,BEAR,24786,24786,1,0.5,0_0_0
2025-11-18 11:06:00.000,2025-11-18T17:06:00.0000000Z,3971,MNQ 12-25,BULL,24800.5,24800.5,1,2,0_0_0
2025-11-18 11:06:30.000,2025-11-18T17:06:30.0000000Z,3972,MNQ 12-25,BEAR,24799.75,24799.75,1,1.5,0_0_0
2025-11-18 11:08:30.000,2025-11-18T17:08:30.0000000Z,3976,MNQ 12-25,BULL,24803,24803,1,3.0462514003133352,0_0_0
2025-11-18 11:09:00.000,2025-11-18T17:09:00.0000000Z,3977,MNQ 12-25,BEAR,24797.5,24797.5,1,1.5,0_0_0
2025-11-18 11:09:30.000,2025-11-18T17:09:30.0000000Z,3978,MNQ 12-25,BULL,24805,24805,1,3.7055764732773904,0_1_15
2025-11-18 11:10:30.000,2025-11-18T17:10:30.0000000Z,3980,MNQ 12-25,BEAR,24799,24799,1,3.5644316947826864,0_0_0
2025-11-18 11:12:30.000,2025-11-18T17:12:30.0000000Z,3984,MNQ 12-25,BULL,24804.25,24804.25,1,3.5673337094899606,15_15_11
2025-11-18 11:13:00.000,2025-11-18T17:13:00.0000000Z,3985,MNQ 12-25,BEAR,24811.5,24811.5,1,4.0124314630853499,15_15_15
2025-11-18 11:13:30.000,2025-11-18T17:13:30.0000000Z,3986,MNQ 12-25,BULL,24808.75,24808.75,1,4.0483346790109298,15_15_15
2025-11-18 11:14:00.000,2025-11-18T17:14:00.0000000Z,3987,MNQ 12-25,BEAR,24807.5,24807.5,1,4.0942877408738392,14_14_14
2025-11-18 11:14:30.000,2025-11-18T17:14:30.0000000Z,3988,MNQ 12-25,BULL,24809.75,24809.75,1,4.2470906197835951,15_15_15
2025-11-18 11:23:30.000,2025-11-18T17:23:30.0000000Z,4006,MNQ 12-25,BEAR,24805.75,24805.75,1,0.5,0_0_0
2025-11-18 11:34:00.000,2025-11-18T17:34:00.0000000Z,4027,MNQ 12-25,BULL,24802.25,24802.25,1,2.5,0_0_0
2025-11-18 11:34:30.000,2025-11-18T17:34:30.0000000Z,4028,MNQ 12-25,BEAR,24814,24814,1,3.5520639367956699,15_15_15
2025-11-18 11:35:00.000,2025-11-18T17:35:00.0000000Z,4029,MNQ 12-25,BULL,24816.5,24816.5,1,3.4839298508934209,15_15_15
2025-11-18 11:36:00.000,2025-11-18T17:36:00.0000000Z,4031,MNQ 12-25,BEAR,24800,24800,1,2.001542142420933,0_0_0
2025-11-18 11:46:00.000,2025-11-18T17:46:00.0000000Z,4051,MNQ 12-25,BULL,24799,24799,1,2.1960685557942172,15_15_14
2025-11-18 11:49:30.000,2025-11-18T17:49:30.0000000Z,4058,MNQ 12-25,BEAR,24788.75,24788.75,1,1.3431686885744387,0_0_0
2025-11-18 11:50:30.000,2025-11-18T17:50:30.0000000Z,4060,MNQ 12-25,BULL,24794.25,24794.25,1,1.4660633947004857,0_0_0
2025-11-18 12:10:00.000,2025-11-18T18:10:00.0000000Z,4099,MNQ 12-25,BEAR,24809.75,24809.75,1,2,0_0_0
2025-11-18 12:19:30.000,2025-11-18T18:19:30.0000000Z,4118,MNQ 12-25,BULL,24812.75,24812.75,1,0.5,7_7_6
2025-11-18 12:20:00.000,2025-11-18T18:20:00.0000000Z,4119,MNQ 12-25,BEAR,24819.25,24819.25,1,3.6266315079865219,15_15_15
2025-11-18 12:20:30.000,2025-11-18T18:20:30.0000000Z,4120,MNQ 12-25,BULL,24813.5,24813.5,1,4.5826373810263448,5_5_5
2025-11-18 12:21:30.000,2025-11-18T18:21:30.0000000Z,4122,MNQ 12-25,BEAR,24810.5,24810.5,1,2.6292790973047708,0_0_0
2025-11-18 12:32:00.000,2025-11-18T18:32:00.0000000Z,4143,MNQ 12-25,BULL,24813.5,24813.5,1,3.8951457273487105,15_15_15
2025-11-18 12:41:00.000,2025-11-18T18:41:00.0000000Z,4161,MNQ 12-25,BEAR,24792,24792,1,0.5,0_0_0
2025-11-18 12:45:30.000,2025-11-18T18:45:30.0000000Z,4170,MNQ 12-25,BULL,24805,24805,1,2,7_8_7
2025-11-18 13:09:30.000,2025-11-18T19:09:30.0000000Z,4218,MNQ 12-25,BEAR,24809.5,24809.5,1,-1.5,0_0_0
2025-11-18 13:24:00.000,2025-11-18T19:24:00.0000000Z,4247,MNQ 12-25,BULL,24800.5,24800.5,1,2.5,9_8_8
2025-11-18 13:28:30.000,2025-11-18T19:28:30.0000000Z,4256,MNQ 12-25,BEAR,24793.75,24793.75,1,2.6102606021062096,0_0_0
2025-11-18 13:30:30.000,2025-11-18T19:30:30.0000000Z,4260,MNQ 12-25,BULL,24805,24805,1,3.3673175183202977,15_14_15
2025-11-18 13:31:00.000,2025-11-18T19:31:00.0000000Z,4261,MNQ 12-25,BEAR,24797.5,24797.5,1,2.049411178199041,0_0_0
2025-11-18 13:32:30.000,2025-11-18T19:32:30.0000000Z,4264,MNQ 12-25,BULL,24799.25,24799.25,1,3.0269734503503849,0_0_0
2025-11-18 13:33:00.000,2025-11-18T19:33:00.0000000Z,4265,MNQ 12-25,BEAR,24799.5,24799.5,1,2.5571966567362105,0_0_0
2025-11-18 13:33:30.000,2025-11-18T19:33:30.0000000Z,4266,MNQ 12-25,BULL,24794.75,24794.75,1,0.5,0_0_0
2025-11-18 13:34:00.000,2025-11-18T19:34:00.0000000Z,4267,MNQ 12-25,BEAR,24788,24788,1,1.5,0_0_0
2025-11-18 13:44:00.000,2025-11-18T19:44:00.0000000Z,4287,MNQ 12-25,BULL,24785,24785,1,1.5649616302627649,6_6_6
2025-11-18 13:45:00.000,2025-11-18T19:45:00.0000000Z,4289,MNQ 12-25,BEAR,24777.25,24777.25,1,-2,0_0_0
2025-11-18 13:49:00.000,2025-11-18T19:49:00.0000000Z,4297,MNQ 12-25,BULL,24787,24787,1,2.2566967188405753,13_13_14
2025-11-18 13:49:30.000,2025-11-18T19:49:30.0000000Z,4298,MNQ 12-25,BEAR,24784.25,24784.25,1,1.8519441632289393,13_10_8
2025-11-18 13:50:00.000,2025-11-18T19:50:00.0000000Z,4299,MNQ 12-25,BULL,24784.25,24784.25,1,1.9641481186559968,7_8_8
2025-11-18 13:50:30.000,2025-11-18T19:50:30.0000000Z,4300,MNQ 12-25,BEAR,24774.25,24774.25,1,-2.5,0_0_0
2025-11-18 13:56:30.000,2025-11-18T19:56:30.0000000Z,4312,MNQ 12-25,BULL,24791.75,24791.75,1,3.3767239900411994,15_15_15
2025-11-18 13:58:00.000,2025-11-18T19:58:00.0000000Z,4315,MNQ 12-25,BEAR,24789.5,24789.5,1,2.6751790319175255,15_15_15
2025-11-18 13:58:30.000,2025-11-18T19:58:30.0000000Z,4316,MNQ 12-25,BULL,24793,24793,1,3.9316890834324907,15_15_15
2025-11-18 14:02:00.000,2025-11-18T20:02:00.0000000Z,4323,MNQ 12-25,BEAR,24777.25,24777.25,1,-1.5939857852399952,0_0_0
2025-11-18 14:20:00.000,2025-11-18T20:20:00.0000000Z,4359,MNQ 12-25,BULL,24748.25,24748.25,1,1.3312561236129516,13_13_13
2025-11-18 14:24:30.000,2025-11-18T20:24:30.0000000Z,4368,MNQ 12-25,BEAR,24750,24750,1,-0.10270706409583541,3_3_3
2025-11-18 14:38:00.000,2025-11-18T20:38:00.0000000Z,4395,MNQ 12-25,BULL,24749.25,24749.25,1,1.2125715161642168,15_15_15
2025-11-18 14:41:00.000,2025-11-18T20:41:00.0000000Z,4401,MNQ 12-25,BEAR,24749,24749,1,1.5807394200101825,11_12_12
2025-11-18 14:41:30.000,2025-11-18T20:41:30.0000000Z,4402,MNQ 12-25,BULL,24746.5,24746.5,1,1.4333862654249816,10_9_0
2025-11-18 14:42:00.000,2025-11-18T20:42:00.0000000Z,4403,MNQ 12-25,BEAR,24737,24737,1,-0.11788427683890257,0_0_0
2025-11-18 15:03:00.000,2025-11-18T21:03:00.0000000Z,4445,MNQ 12-25,BULL,24721.25,24721.25,1,2.7675560957311234,15_15_15
2025-11-18 15:19:30.000,2025-11-18T21:19:30.0000000Z,4478,MNQ 12-25,BEAR,24746.25,24746.25,1,-1.2832738043315697,6_6_6
2025-11-18 15:32:00.000,2025-11-18T21:32:00.0000000Z,4503,MNQ 12-25,BULL,24737.25,24737.25,1,2,15_15_15
2025-11-18 15:39:00.000,2025-11-18T21:39:00.0000000Z,4517,MNQ 12-25,BEAR,24712.25,24712.25,1,0,0_0_0
2025-11-18 15:40:00.000,2025-11-18T21:40:00.0000000Z,4519,MNQ 12-25,BULL,24733.75,24733.75,1,1.5,0_0_0
2025-11-18 16:26:30.000,2025-11-18T22:26:30.0000000Z,4612,MNQ 12-25,BEAR,24696.75,24696.75,1,-2,0_0_0
2025-11-18 16:31:30.000,2025-11-18T22:31:30.0000000Z,4622,MNQ 12-25,BULL,24748,24748,1,4.5092000451376455,15_15_15
2025-11-18 16:32:30.000,2025-11-18T22:32:30.0000000Z,4624,MNQ 12-25,BEAR,24683.5,24683.5,1,-2,0_0_0
2025-11-18 16:33:30.000,2025-11-18T22:33:30.0000000Z,4626,MNQ 12-25,BULL,24750.5,24750.5,1,3.1888645420005797,15_15_15
2025-11-18 16:43:00.000,2025-11-18T22:43:00.0000000Z,4645,MNQ 12-25,BEAR,24703.75,24703.75,1,-3,0_0_0
2025-11-18 16:47:00.000,2025-11-18T22:47:00.0000000Z,4653,MNQ 12-25,BULL,24716.5,24716.5,1,1.5,2_2_2
2025-11-18 16:47:30.000,2025-11-18T22:47:30.0000000Z,4654,MNQ 12-25,BEAR,24687.75,24687.75,1,-2,0_0_0
2025-11-18 17:10:00.000,2025-11-18T23:10:00.0000000Z,4699,MNQ 12-25,BULL,24549.75,24549.75,1,-0.14736838948889552,8_8_8
2025-11-18 17:12:00.000,2025-11-18T23:12:00.0000000Z,4703,MNQ 12-25,BEAR,24524.5,24524.5,1,-1.0434208835617198,0_0_0
2025-11-18 17:16:00.000,2025-11-18T23:16:00.0000000Z,4711,MNQ 12-25,BULL,24528,24528,1,-0.87581701069887519,2_2_0
2025-11-18 17:16:30.000,2025-11-18T23:16:30.0000000Z,4712,MNQ 12-25,BEAR,24497.75,24497.75,1,-3,0_0_0
2025-11-18 17:21:30.000,2025-11-18T23:21:30.0000000Z,4722,MNQ 12-25,BULL,24526.75,24526.75,1,-1,11_11_11
2025-11-18 17:29:30.000,2025-11-18T23:29:30.0000000Z,4738,MNQ 12-25,BEAR,24561.75,24561.75,1,-0.84509057290351564,7_6_5
2025-11-18 17:30:00.000,2025-11-18T23:30:00.0000000Z,4739,MNQ 12-25,BULL,24562.75,24562.75,1,-0.48253579030152105,7_6_7
2025-11-18 17:30:30.000,2025-11-18T23:30:30.0000000Z,4740,MNQ 12-25,BEAR,24551.75,24551.75,1,-1.2707625057244782,0_0_0
2025-11-18 17:31:30.000,2025-11-18T23:31:30.0000000Z,4742,MNQ 12-25,BULL,24560,24560,1,-1.4664947832037911,0_0_0
2025-11-18 17:32:00.000,2025-11-18T23:32:00.0000000Z,4743,MNQ 12-25,BEAR,24573.25,24573.25,1,0.17739400432109997,11_11_11
2025-11-18 17:32:30.000,2025-11-18T23:32:30.0000000Z,4744,MNQ 12-25,BULL,24552.75,24552.75,1,-1.6340083338766773,0_0_0
2025-11-18 17:33:00.000,2025-11-18T23:33:00.0000000Z,4745,MNQ 12-25,BEAR,24522.25,24522.25,1,-3,0_0_0
2025-11-18 17:34:00.000,2025-11-18T23:34:00.0000000Z,4747,MNQ 12-25,BULL,24578.5,24578.5,1,-0.058221686507136106,15_15_15
2025-11-18 17:34:30.000,2025-11-18T23:34:30.0000000Z,4748,MNQ 12-25,BEAR,24570.75,24570.75,1,-0.57397613130314573,8_8_8
2025-11-18 17:35:00.000,2025-11-18T23:35:00.0000000Z,4749,MNQ 12-25,BULL,24546.5,24546.5,1,-1.9095458189710968,0_0_0
2025-11-18 17:35:30.000,2025-11-18T23:35:30.0000000Z,4750,MNQ 12-25,BEAR,24507.5,24507.5,1,-2,0_0_0
2025-11-18 17:57:30.000,2025-11-18T23:57:30.0000000Z,4794,MNQ 12-25,BULL,24509,24509,1,1.1236203020649835,13_13_12
2025-11-18 17:58:00.000,2025-11-18T23:58:00.0000000Z,4795,MNQ 12-25,BEAR,24477.75,24477.75,1,-1.3486622091779075,0_0_0
2025-11-18 18:10:30.000,2025-11-19T00:10:30.0000000Z,4820,MNQ 12-25,BULL,24485,24485,1,0.59622161062349033,15_15_15
2025-11-18 18:17:00.000,2025-11-19T00:17:00.0000000Z,4833,MNQ 12-25,BEAR,24509.25,24509.25,1,-0.14208679269364399,9_9_9
2025-11-18 18:17:30.000,2025-11-19T00:17:30.0000000Z,4834,MNQ 12-25,BULL,24512.5,24512.5,1,-0.25730437884463475,10_10_10
2025-11-18 18:18:00.000,2025-11-19T00:18:00.0000000Z,4835,MNQ 12-25,BEAR,24521.75,24521.75,1,-0.23283937087145867,12_12_12
2025-11-18 18:18:30.000,2025-11-19T00:18:30.0000000Z,4836,MNQ 12-25,BULL,24511.5,24511.5,1,-0.46843176950493737,9_9_8
2025-11-18 18:19:00.000,2025-11-19T00:19:00.0000000Z,4837,MNQ 12-25,BEAR,24512.5,24512.5,1,-1.0734449541654774,9_9_9
2025-11-18 18:19:30.000,2025-11-19T00:19:30.0000000Z,4838,MNQ 12-25,BULL,24519.5,24519.5,1,-1.05363576304794,11_11_11
2025-11-18 18:41:30.000,2025-11-19T00:41:30.0000000Z,4882,MNQ 12-25,BEAR,24642.25,24642.25,1,1.9138426425854127,5_5_5
2025-11-18 18:42:00.000,2025-11-19T00:42:00.0000000Z,4883,MNQ 12-25,BULL,24652.75,24652.75,1,1.9425175670965906,7_7_7
2025-11-18 18:42:30.000,2025-11-19T00:42:30.0000000Z,4884,MNQ 12-25,BEAR,24642.75,24642.75,1,1.6579648620406102,4_4_4
2025-11-18 18:43:00.000,2025-11-19T00:43:00.0000000Z,4885,MNQ 12-25,BULL,24654,24654,1,2.2646943801705275,8_8_7
2025-11-18 18:48:30.000,2025-11-19T00:48:30.0000000Z,4896,MNQ 12-25,BEAR,24636.5,24636.5,1,-2.5,0_0_0
2025-11-18 18:50:00.000,2025-11-19T00:50:00.0000000Z,4899,MNQ 12-25,BULL,24669.5,24669.5,1,2.5,10_11_13
2025-11-18 18:51:00.000,2025-11-19T00:51:00.0000000Z,4901,MNQ 12-25,BEAR,24645.5,24645.5,1,-0.5,0_0_0
2025-11-18 18:52:30.000,2025-11-19T00:52:30.0000000Z,4904,MNQ 12-25,BULL,24639,24639,1,-2.5,0_0_0
2025-11-18 18:53:00.000,2025-11-19T00:53:00.0000000Z,4905,MNQ 12-25,BEAR,24626,24626,1,-2.5,0_0_0
2025-11-18 18:56:00.000,2025-11-19T00:56:00.0000000Z,4911,MNQ 12-25,BULL,24654.25,24654.25,1,2,7_7_7
2025-11-18 19:00:00.000,2025-11-19T01:00:00.0000000Z,4919,MNQ 12-25,BEAR,24636.75,24636.75,1,-0.88199607435363836,0_0_0
2025-11-18 19:01:30.000,2025-11-19T01:01:30.0000000Z,4922,MNQ 12-25,BULL,24672.75,24672.75,1,2.5484345010162679,15_15_15
2025-11-18 19:06:30.000,2025-11-19T01:06:30.0000000Z,4932,MNQ 12-25,BEAR,24648.75,24648.75,1,0,0_0_0
2025-11-18 19:40:00.000,2025-11-19T01:40:00.0000000Z,4999,MNQ 12-25,BULL,24616.25,24616.25,1,3,15_15_15
2025-11-18 20:16:30.000,2025-11-19T02:16:30.0000000Z,5072,MNQ 12-25,BEAR,24736.5,24736.5,1,-1.5,0_0_0
2025-11-18 20:20:00.000,2025-11-19T02:20:00.0000000Z,5079,MNQ 12-25,BULL,24758.25,24758.25,1,0.5,1_1_1
2025-11-18 20:20:30.000,2025-11-19T02:20:30.0000000Z,5080,MNQ 12-25,BEAR,24752.5,24752.5,1,-2.5,0_0_0
2025-11-18 20:21:00.000,2025-11-19T02:21:00.0000000Z,5081,MNQ 12-25,BULL,24766.25,24766.25,1,0.5,9_9_9
2025-11-18 20:21:30.000,2025-11-19T02:21:30.0000000Z,5082,MNQ 12-25,BEAR,24745,24745,1,-2.5,0_0_0
2025-11-18 20:24:00.000,2025-11-19T02:24:00.0000000Z,5087,MNQ 12-25,BULL,24766.5,24766.5,1,1,15_15_15
2025-11-18 20:25:30.000,2025-11-19T02:25:30.0000000Z,5090,MNQ 12-25,BEAR,24766,24766,1,2.29662117462559,15_15_15
2025-11-18 20:26:00.000,2025-11-19T02:26:00.0000000Z,5091,MNQ 12-25,BULL,24767.5,24767.5,1,2.3888122331957993,13_14_14
2025-11-18 20:26:30.000,2025-11-19T02:26:30.0000000Z,5092,MNQ 12-25,BEAR,24755,24755,1,0.62600457236316642,0_0_0
2025-11-18 20:28:30.000,2025-11-19T02:28:30.0000000Z,5096,MNQ 12-25,BULL,24775.5,24775.5,1,2.2228625564389639,15_15_15
2025-11-18 20:29:30.000,2025-11-19T02:29:30.0000000Z,5098,MNQ 12-25,BEAR,24763.75,24763.75,1,2.2655664246595726,6_4_4
2025-11-18 20:31:30.000,2025-11-19T02:31:30.0000000Z,5102,MNQ 12-25,BULL,24764.5,24764.5,1,0,15_15_15
2025-11-18 20:32:00.000,2025-11-19T02:32:00.0000000Z,5103,MNQ 12-25,BEAR,24755.25,24755.25,1,0.5,0_0_0
2025-11-18 20:33:30.000,2025-11-19T02:33:30.0000000Z,5106,MNQ 12-25,BULL,24762.75,24762.75,1,2.0957842193819047,15_15_15
2025-11-18 20:37:30.000,2025-11-19T02:37:30.0000000Z,5114,MNQ 12-25,BEAR,24741,24741,1,-2,0_0_0
2025-11-18 20:40:30.000,2025-11-19T02:40:30.0000000Z,5120,MNQ 12-25,BULL,24747,24747,1,-1.5,0_0_0
2025-11-18 20:41:00.000,2025-11-19T02:41:00.0000000Z,5121,MNQ 12-25,BEAR,24754,24754,1,0.5,0_0_0
2025-11-18 20:41:30.000,2025-11-19T02:41:30.0000000Z,5122,MNQ 12-25,BULL,24775.25,24775.25,1,2.7265403278726645,15_15_15
2025-11-18 20:44:30.000,2025-11-19T02:44:30.0000000Z,5128,MNQ 12-25,BEAR,24740.75,24740.75,1,-1.8545150159943264,0_0_0
2025-11-18 20:48:00.000,2025-11-19T02:48:00.0000000Z,5135,MNQ 12-25,BULL,24763.75,24763.75,1,1.5268879725980451,0_0_0
2025-11-18 20:48:30.000,2025-11-19T02:48:30.0000000Z,5136,MNQ 12-25,BEAR,24763.5,24763.5,1,1.5608828374700461,0_0_0
2025-11-18 20:49:00.000,2025-11-19T02:49:00.0000000Z,5137,MNQ 12-25,BULL,24762.75,24762.75,1,1.5655015713089058,0_0_0
2025-11-18 20:49:30.000,2025-11-19T02:49:30.0000000Z,5138,MNQ 12-25,BEAR,24749.25,24749.25,1,-2.5,0_0_0
2025-11-18 20:51:00.000,2025-11-19T02:51:00.0000000Z,5141,MNQ 12-25,BULL,24769.25,24769.25,1,2.058595607538992,15_15_15
2025-11-18 20:51:30.000,2025-11-19T02:51:30.0000000Z,5142,MNQ 12-25,BEAR,24768.75,24768.75,1,2.1661448307698699,3_5_11
2025-11-18 20:52:00.000,2025-11-19T02:52:00.0000000Z,5143,MNQ 12-25,BULL,24768,24768,1,2.2366328593560918,1_1_1
2025-11-18 20:57:00.000,2025-11-19T02:57:00.0000000Z,5153,MNQ 12-25,BEAR,24736,24736,1,-1.5,0_0_0
2025-11-18 21:11:00.000,2025-11-19T03:11:00.0000000Z,5181,MNQ 12-25,BULL,24749.25,24749.25,1,3.367979458298457,15_15_15
2025-11-18 21:11:30.000,2025-11-19T03:11:30.0000000Z,5182,MNQ 12-25,BEAR,24749,24749,1,3.5305365156213515,15_15_15
2025-11-18 21:12:00.000,2025-11-19T03:12:00.0000000Z,5183,MNQ 12-25,BULL,24738.25,24738.25,1,1.3795833186341895,0_0_0
2025-11-18 21:12:30.000,2025-11-19T03:12:30.0000000Z,5184,MNQ 12-25,BEAR,24735.5,24735.5,1,-0.68593089045943767,0_0_0
2025-11-18 21:13:00.000,2025-11-19T03:13:00.0000000Z,5185,MNQ 12-25,BULL,24734.5,24734.5,1,-0.24294932750718123,0_0_0
2025-11-18 21:13:30.000,2025-11-19T03:13:30.0000000Z,5186,MNQ 12-25,BEAR,24749.75,24749.75,1,3.6056741558024115,15_15_15
2025-11-18 21:14:00.000,2025-11-19T03:14:00.0000000Z,5187,MNQ 12-25,BULL,24745.5,24745.5,1,3.5977163678815329,9_9_7
2025-11-18 21:14:30.000,2025-11-19T03:14:30.0000000Z,5188,MNQ 12-25,BEAR,24752.75,24752.75,1,2.7911813246409904,15_15_15
2025-11-18 21:15:00.000,2025-11-19T03:15:00.0000000Z,5189,MNQ 12-25,BULL,24760.25,24760.25,1,2.5289921177046635,15_15_15
2025-11-18 21:16:30.000,2025-11-19T03:16:30.0000000Z,5192,MNQ 12-25,BEAR,24745.75,24745.75,1,1.3473908471912628,0_0_0
2025-11-18 21:21:00.000,2025-11-19T03:21:00.0000000Z,5201,MNQ 12-25,BULL,24759.25,24759.25,1,3.3940175279196803,15_15_15
2025-11-18 21:22:00.000,2025-11-19T03:22:00.0000000Z,5203,MNQ 12-25,BEAR,24741.25,24741.25,1,-1.7595682432208164,0_0_0
2025-11-18 21:38:30.000,2025-11-19T03:38:30.0000000Z,5236,MNQ 12-25,BULL,24764.75,24764.75,1,4.1814428508289918,15_15_15
2025-11-18 21:46:00.000,2025-11-19T03:46:00.0000000Z,5251,MNQ 12-25,BEAR,24737.75,24737.75,1,-1.0883587840889564,0_0_0
2025-11-18 21:47:00.000,2025-11-19T03:47:00.0000000Z,5253,MNQ 12-25,BULL,24758.5,24758.5,1,0.90446660918257415,6_6_6
2025-11-18 21:54:30.000,2025-11-19T03:54:30.0000000Z,5268,MNQ 12-25,BEAR,24736.75,24736.75,1,-1.5,0_0_0
2025-11-18 21:59:00.000,2025-11-19T03:59:00.0000000Z,5277,MNQ 12-25,BULL,24749,24749,1,0.5,1_1_1
2025-11-18 22:06:00.000,2025-11-19T04:06:00.0000000Z,5291,MNQ 12-25,BEAR,24739,24739,1,-1.5,0_0_0
2025-11-18 22:17:30.000,2025-11-19T04:17:30.0000000Z,5314,MNQ 12-25,BULL,24719.25,24719.25,1,1.5,0_0_0
2025-11-18 22:18:00.000,2025-11-19T04:18:00.0000000Z,5315,MNQ 12-25,BEAR,24725,24725,1,2,0_0_0
2025-11-18 22:18:30.000,2025-11-19T04:18:30.0000000Z,5316,MNQ 12-25,BULL,24742.75,24742.75,1,3.7566978994670084,15_15_15
2025-11-18 22:19:00.000,2025-11-19T04:19:00.0000000Z,5317,MNQ 12-25,BEAR,24724.5,24724.5,1,2.5,0_0_0
2025-11-18 22:22:30.000,2025-11-19T04:22:30.0000000Z,5324,MNQ 12-25,BULL,24723.75,24723.75,1,2.5,0_0_0
2025-11-18 22:23:00.000,2025-11-19T04:23:00.0000000Z,5325,MNQ 12-25,BEAR,24726,24726,1,4.5351395283715483,0_0_0
2025-11-18 22:42:00.000,2025-11-19T04:42:00.0000000Z,5363,MNQ 12-25,BULL,24667,24667,1,-1.5,0_0_0
2025-11-18 22:42:30.000,2025-11-19T04:42:30.0000000Z,5364,MNQ 12-25,BEAR,24672.5,24672.5,1,-0.5,0_0_0
2025-11-18 22:52:30.000,2025-11-19T04:52:30.0000000Z,5384,MNQ 12-25,BULL,24663.25,24663.25,1,0.5,0_0_0
2025-11-18 22:53:00.000,2025-11-19T04:53:00.0000000Z,5385,MNQ 12-25,BEAR,24668,24668,1,0.5,0_0_2
2025-11-18 23:29:30.000,2025-11-19T05:29:30.0000000Z,5458,MNQ 12-25,BULL,24557.75,24557.75,1,2.3521853878837717,10_10_10
2025-11-18 23:30:30.000,2025-11-19T05:30:30.0000000Z,5460,MNQ 12-25,BEAR,24550.5,24550.5,1,2.2349427634915613,0_0_0
2025-11-18 23:32:30.000,2025-11-19T05:32:30.0000000Z,5464,MNQ 12-25,BULL,24548.25,24548.25,1,1.1481807673966231,0_0_0
2025-11-18 23:33:00.000,2025-11-19T05:33:00.0000000Z,5465,MNQ 12-25,BEAR,24545.75,24545.75,1,-0.5,0_0_0
2025-11-18 23:39:00.000,2025-11-19T05:39:00.0000000Z,5477,MNQ 12-25,BULL,24557.25,24557.25,1,3.5490800868563825,15_15_15
2025-11-18 23:41:00.000,2025-11-19T05:41:00.0000000Z,5481,MNQ 12-25,BEAR,24551.5,24551.5,1,1.731118238349485,0_0_0
2025-11-18 23:48:30.000,2025-11-19T05:48:30.0000000Z,5496,MNQ 12-25,BULL,24548.75,24548.75,1,2,9_9_8
2025-11-18 23:49:00.000,2025-11-19T05:49:00.0000000Z,5497,MNQ 12-25,BEAR,24550.5,24550.5,1,3.1576823801392155,12_12_12
2025-11-18 23:52:30.000,2025-11-19T05:52:30.0000000Z,5504,MNQ 12-25,BULL,24552,24552,1,3.2960806240079554,15_15_15
2025-11-18 23:54:00.000,2025-11-19T05:54:00.0000000Z,5507,MNQ 12-25,BEAR,24540.75,24540.75,1,-2.5,0_0_0
