Timestamp,Bar,Direction,FastGradient,FastEMA,SlowEMA,Close,MaxFavorableMove,BarsToPeak,BlockedReason,Status
2025-11-21 01:41:30,82,SHORT,-1.3649,24112.89,24116.23,24106.75,0.00,0,"RSI<50.0(41.7) ADX:23.6 ATR:10.34 RSI:41.7 GradStab:0.824 BW:0.0001 Accel:-1.560,0,82",MISSED_FLAT
2025-11-21 01:51:00,101,LONG,0.5846,24150.12,24144.15,24152.75,0.00,0,"GradStab>1.46(1.570) ADX:18.8 ATR:10.59 RSI:58.5 GradStab:1.570 BW:0.0002 Accel:+2.006,0,101",MISSED_FLAT
2025-11-21 02:02:30,124,SHORT,-1.1707,24138.27,24139.80,24133.00,0.00,0,"ADX<18(10.5)|RSI<50.0(44.4) ADX:10.5 ATR:10.82 RSI:44.4 GradStab:0.914 BW:0.0001 Accel:-1.821,0,124",MISSED_FLAT
2025-11-21 02:36:00,191,LONG,1.0049,24186.48,24185.24,24191.00,0.00,0,"ADX<18(10.9) ADX:10.9 ATR:6.78 RSI:58.8 GradStab:0.451 BW:0.0001 Accel:+1.186,0,191",MISSED_FLAT
2025-11-21 02:41:00,201,LONG,0.5945,24189.57,24188.31,24192.25,0.00,0,"ADX<18(11.1) ADX:11.1 ATR:6.79 RSI:56.1 GradStab:0.635 BW:0.0001 Accel:+0.777,0,201",MISSED_FLAT
2025-11-21 02:48:30,216,SHORT,-0.6944,24178.37,24182.01,24175.25,0.00,0,"ADX<18(16.1)|RSI<50.0(43.3) ADX:16.1 ATR:7.82 RSI:43.3 GradStab:1.315 BW:0.0002 Accel:-1.063,0,216",MISSED_FLAT
2025-11-21 03:11:30,262,LONG,0.8466,24188.44,24187.86,24192.25,0.00,0,"ADX<18(10.0) ADX:10.0 ATR:8.85 RSI:55.3 GradStab:0.219 BW:0.0000 Accel:+0.782,0,262",MISSED_FLAT
2025-11-21 03:16:00,271,LONG,2.3134,24189.59,24188.41,24200.00,0.00,0,"ADX<18(10.8) ADX:10.8 ATR:9.62 RSI:60.2 GradStab:1.259 BW:0.0000 Accel:+2.547,0,271",MISSED_FLAT
2025-11-21 03:23:00,285,LONG,2.2703,24206.28,24202.04,24216.50,0.00,0,"ADX<18(15.7) ADX:15.7 ATR:9.17 RSI:63.9 GradStab:1.012 BW:0.0002 Accel:+2.344,0,285",MISSED_FLAT
2025-11-21 03:51:00,341,LONG,0.5350,24222.59,24220.80,24225.00,0.00,0,"ADX<18(11.5) ADX:11.5 ATR:8.22 RSI:55.3 GradStab:0.655 BW:0.0001 Accel:+0.886,0,341",MISSED_FLAT
2025-11-21 04:09:30,378,SHORT,-1.8569,24200.61,24204.20,24192.25,0.00,0,"RSI<50.0(38.0) ADX:18.5 ATR:8.45 RSI:38.0 GradStab:0.814 BW:0.0001 Accel:-2.325,0,378",MISSED_FLAT
2025-11-21 04:23:30,406,SHORT,-2.1866,24182.34,24183.82,24172.50,0.00,0,"RSI<50.0(39.0) ADX:19.3 ATR:8.75 RSI:39.0 GradStab:0.907 BW:0.0001 Accel:-2.383,0,406",MISSED_FLAT
2025-11-21 04:30:30,420,SHORT,-0.8017,24186.11,24186.76,24182.50,0.00,0,"ADX<18(17.0)|RSI<50.0(45.8) ADX:17.0 ATR:7.91 RSI:45.8 GradStab:0.620 BW:0.0000 Accel:-1.165,0,420",MISSED_FLAT
2025-11-21 04:41:00,441,LONG,1.5057,24198.72,24196.26,24205.50,0.00,0,"ADX<18(16.5)|GradStab>1.46(1.595) ADX:16.5 ATR:9.40 RSI:58.1 GradStab:1.595 BW:0.0001 Accel:+2.984,0,441",MISSED_FLAT
2025-11-21 05:26:30,532,LONG,0.5001,24180.50,24179.24,24182.75,0.00,0,"ADX<18(15.4) ADX:15.4 ATR:6.96 RSI:54.2 GradStab:0.949 BW:0.0001 Accel:+1.096,0,532",MISSED_FLAT
2025-11-21 05:40:30,560,LONG,0.8370,24203.48,24199.03,24207.25,0.00,0,"GradStab>1.46(2.344) ADX:20.0 ATR:10.94 RSI:56.2 GradStab:2.344 BW:0.0002 Accel:+2.546,0,560",MISSED_FLAT
2025-11-21 06:02:00,603,SHORT,-0.6376,24199.12,24201.87,24196.25,0.00,0,"ADX<18(14.8)|RSI<50.0(43.5) ADX:14.8 ATR:7.26 RSI:43.5 GradStab:0.572 BW:0.0001 Accel:-0.803,0,603",MISSED_FLAT
2025-11-21 06:06:30,612,SHORT,-1.2234,24187.26,24191.93,24181.75,0.00,0,"RSI<50.0(36.8) ADX:24.2 ATR:7.65 RSI:36.8 GradStab:0.434 BW:0.0002 Accel:-1.274,0,612",MISSED_FLAT
2025-11-21 06:21:00,641,SHORT,-0.6808,24171.81,24174.95,24168.75,0.00,0,"RSI<50.0(41.9) ADX:22.3 ATR:7.66 RSI:41.9 GradStab:0.681 BW:0.0001 Accel:-0.793,0,641",MISSED_FLAT
2025-11-21 06:36:00,671,SHORT,-1.6610,24134.47,24139.91,24127.00,0.00,0,"RSI<50.0(35.6) ADX:32.7 ATR:8.93 RSI:35.6 GradStab:0.924 BW:0.0002 Accel:-1.702,0,671",MISSED_FLAT
2025-11-21 07:08:00,735,LONG,2.2348,24175.69,24170.46,24185.75,0.00,0,"GradStab>1.46(1.578) ADX:29.3 ATR:10.56 RSI:62.2 GradStab:1.578 BW:0.0002 Accel:+2.301,0,735",MISSED_FLAT
2025-11-21 07:43:00,805,SHORT,-0.8524,24139.09,24145.17,24135.25,0.00,0,"RSI<50.0(36.1) ADX:37.5 ATR:6.99 RSI:36.1 GradStab:0.602 BW:0.0003 Accel:-0.992,0,805",MISSED_FLAT
2025-11-21 07:48:00,815,SHORT,-1.6187,24142.28,24144.39,24135.00,0.00,0,"RSI<50.0(39.2) ADX:24.6 ATR:7.49 RSI:39.2 GradStab:0.828 BW:0.0001 Accel:-1.979,0,815",MISSED_FLAT
2025-11-21 07:52:30,824,SHORT,-0.9033,24139.32,24141.38,24135.25,0.00,0,"RSI<50.0(43.4) ADX:21.2 ATR:8.48 RSI:43.4 GradStab:0.595 BW:0.0001 Accel:-1.178,0,824",MISSED_FLAT
2025-11-21 08:05:00,849,LONG,1.0173,24141.67,24141.15,24146.25,0.00,0,"ADX<18(11.9) ADX:11.9 ATR:7.83 RSI:54.7 GradStab:0.510 BW:0.0000 Accel:+1.537,0,849",MISSED_FLAT
2025-11-21 08:58:30,956,LONG,0.5140,24176.19,24175.99,24178.50,0.00,0,"ADX<18(13.8) ADX:13.8 ATR:7.16 RSI:53.4 GradStab:0.816 BW:0.0000 Accel:+0.795,0,956",MISSED_FLAT
2025-11-21 09:02:00,963,SHORT,-0.5724,24173.58,24174.39,24171.00,0.00,0,"ADX<18(12.7)|RSI<50.0(46.8) ADX:12.7 ATR:7.00 RSI:46.8 GradStab:0.367 BW:0.0000 Accel:-1.029,0,963",MISSED_FLAT
2025-11-21 09:30:30,1020,LONG,1.7894,24185.70,24183.18,24193.75,0.00,0,"ADX<18(15.5) ADX:15.5 ATR:7.77 RSI:60.6 GradStab:0.659 BW:0.0001 Accel:+2.355,0,1020",MISSED_FLAT
2025-11-21 09:40:00,1039,SHORT,-0.6189,24153.04,24159.22,24150.25,0.00,0,"RSI<50.0(39.3) ADX:24.8 ATR:8.96 RSI:39.3 GradStab:1.318 BW:0.0003 Accel:-0.676,0,1039",MISSED_FLAT
2025-11-21 09:52:00,1063,SHORT,-1.6897,24105.10,24117.41,24097.50,0.00,0,"GradStab>1.46(2.043)|RSI<50.0(35.4) ADX:35.3 ATR:13.09 RSI:35.4 GradStab:2.043 BW:0.0005 Accel:-2.720,0,1063",MISSED_FLAT
2025-11-21 09:58:30,1076,SHORT,-0.5054,24079.52,24088.82,24077.25,0.00,0,"RSI<50.0(36.1) ADX:33.3 ATR:11.43 RSI:36.1 GradStab:1.208 BW:0.0004 Accel:-1.125,0,1076",MISSED_FLAT
2025-11-21 10:20:00,1119,SHORT,-3.6077,24153.73,24153.94,24137.50,0.00,0,"RSI<50.0(41.4) ADX:23.2 ATR:11.88 RSI:41.4 GradStab:1.252 BW:0.0000 Accel:-3.678,0,1119",MISSED_FLAT
2025-11-21 10:26:30,1132,SHORT,-2.0566,24140.25,24142.72,24131.00,0.00,0,"ADX<18(16.8)|GradStab>1.46(2.654)|ATR>13.57(13.64)|RSI<50.0(43.9) ADX:16.8 ATR:13.64 RSI:43.9 GradStab:2.654 BW:0.0001 Accel:-2.967,0,1132",MISSED_FLAT
2025-11-21 10:28:00,1135,LONG,2.6444,24144.60,24144.41,24156.50,0.00,0,"ADX<18(14.7)|GradStab>1.46(1.880)|ATR>13.57(14.85) ADX:14.7 ATR:14.85 RSI:55.4 GradStab:1.880 BW:0.0000 Accel:+4.579,0,1135",MISSED_FLAT
2025-11-21 10:29:30,1138,SHORT,-0.9740,24141.88,24142.88,24137.50,0.00,0,"ADX<18(14.0)|GradStab>1.46(1.723)|ATR>13.57(13.97)|RSI<50.0(47.4) ADX:14.0 ATR:13.97 RSI:47.4 GradStab:1.723 BW:0.0000 Accel:-1.026,0,1138",MISSED_FLAT
2025-11-21 10:30:30,1140,LONG,0.8514,24144.17,24143.97,24148.00,7.75,2,"ADX<18(12.7)|ATR>13.57(13.66) ADX:12.7 ATR:13.66 RSI:52.1 GradStab:1.405 BW:0.0000 Accel:+1.417,0,1140",MISSED_FLAT
2025-11-21 10:31:30,1142,LONG,1.9159,24147.13,24145.57,24155.75,0.00,0,"ADX<18(11.9)|ATR>13.57(13.61) ADX:11.9 ATR:13.61 RSI:55.3 GradStab:1.340 BW:0.0001 Accel:+2.054,0,1142",MISSED_FLAT
2025-11-21 10:41:30,1162,SHORT,-1.0800,24141.36,24141.70,24136.50,0.00,0,"ADX<18(13.2)|GradStab>1.46(1.658)|RSI<50.0(46.6) ADX:13.2 ATR:12.52 RSI:46.6 GradStab:1.658 BW:0.0000 Accel:-2.396,0,1162",MISSED_FLAT
2025-11-21 10:42:00,1163,LONG,0.8353,24144.24,24143.27,24148.00,0.00,0,"ADX<18(13.6)|GradStab>1.46(1.631) ADX:13.6 ATR:12.75 RSI:52.8 GradStab:1.631 BW:0.0000 Accel:+1.915,0,1163",MISSED_FLAT
2025-11-21 10:52:00,1183,LONG,2.1455,24173.85,24168.49,24183.50,0.00,0,"ADX<18(15.5)|GradStab>1.46(2.004) ADX:15.5 ATR:11.70 RSI:60.6 GradStab:2.004 BW:0.0002 Accel:+2.205,0,1183",MISSED_FLAT
2025-11-21 11:07:30,1214,LONG,1.4430,24198.01,24197.35,24204.50,0.00,0,"ADX<18(16.8) ADX:16.8 ATR:9.04 RSI:58.0 GradStab:0.860 BW:0.0000 Accel:+1.427,0,1214",MISSED_FLAT
2025-11-21 11:28:30,1256,SHORT,-0.5632,24128.03,24137.81,24125.50,0.00,0,"RSI<50.0(38.6) ADX:45.9 ATR:11.30 RSI:38.6 GradStab:1.190 BW:0.0004 Accel:-0.703,0,1256",MISSED_FLAT
2025-11-21 11:33:30,1266,SHORT,-1.2875,24124.29,24129.28,24118.50,0.00,0,"RSI<50.0(39.1) ADX:28.0 ATR:10.99 RSI:39.1 GradStab:0.672 BW:0.0002 Accel:-1.456,0,1266",MISSED_FLAT
2025-11-21 11:52:30,1304,SHORT,-0.9199,24076.64,24078.85,24072.50,0.00,0,"RSI<50.0(42.2) ADX:23.0 ATR:9.46 RSI:42.2 GradStab:0.865 BW:0.0001 Accel:-0.922,0,1304",MISSED_FLAT
2025-11-21 12:09:30,1338,SHORT,-2.4953,23949.48,23969.02,23938.25,0.00,0,"GradStab>1.46(2.609)|ATR>13.57(15.21)|RSI<50.0(30.6) ADX:43.9 ATR:15.21 RSI:30.6 GradStab:2.609 BW:0.0008 Accel:-3.582,0,1338",MISSED_FLAT
2025-11-21 12:10:30,1340,SHORT,-1.9089,23948.09,23964.89,23939.50,0.00,0,"GradStab>1.46(2.088)|ATR>13.57(15.64)|RSI<50.0(34.7) ADX:42.2 ATR:15.64 RSI:34.7 GradStab:2.088 BW:0.0007 Accel:-2.020,0,1340",MISSED_FLAT
2025-11-21 12:15:30,1350,SHORT,-0.5358,23970.41,23971.19,23968.00,0.00,0,"GradStab>1.46(1.548)|ATR>13.57(16.03)|RSI<50.0(47.0) ADX:22.6 ATR:16.03 RSI:47.0 GradStab:1.548 BW:0.0000 Accel:-2.189,0,1350",MISSED_FLAT
2025-11-21 12:56:30,1432,LONG,1.1962,24080.62,24071.15,24086.00,0.00,0,"GradStab>1.46(1.569) ADX:36.6 ATR:11.24 RSI:63.3 GradStab:1.569 BW:0.0004 Accel:+1.714,0,1432",MISSED_FLAT
2025-11-21 13:25:00,1489,SHORT,-0.6024,24121.71,24122.86,24119.00,0.00,0,"RSI<50.0(47.7) ADX:19.2 ATR:10.74 RSI:47.7 GradStab:1.280 BW:0.0000 Accel:-2.452,0,1489",MISSED_FLAT
2025-11-21 13:36:30,1512,SHORT,-0.5362,24095.16,24097.57,24092.75,0.00,0,"ADX<18(16.1)|RSI<50.0(43.4) ADX:16.1 ATR:9.72 RSI:43.4 GradStab:0.835 BW:0.0001 Accel:-0.780,0,1512",MISSED_FLAT
2025-11-21 14:01:30,1562,SHORT,-1.2879,24039.55,24039.95,24033.75,0.00,0,"GradStab>1.46(1.731)|RSI<50.0(44.7) ADX:23.4 ATR:12.19 RSI:44.7 GradStab:1.731 BW:0.0000 Accel:-2.613,0,1562",MISSED_FLAT
2025-11-21 14:02:00,1563,LONG,1.4669,24044.15,24042.46,24050.75,0.00,0,"GradStab>1.46(1.695) ADX:22.2 ATR:12.67 RSI:53.4 GradStab:1.695 BW:0.0001 Accel:+2.755,0,1563",MISSED_FLAT
2025-11-21 14:09:00,1577,SHORT,-2.9600,24037.82,24041.79,24024.50,0.00,0,"ADX<18(16.2)|GradStab>1.46(1.552)|ATR>13.57(14.27)|RSI<50.0(41.4) ADX:16.2 ATR:14.27 RSI:41.4 GradStab:1.552 BW:0.0002 Accel:-3.549,0,1577",MISSED_FLAT
2025-11-21 14:18:00,1595,SHORT,-1.8044,24012.37,24015.47,24004.25,0.00,0,"ADX<18(16.6)|GradStab>1.46(2.762)|ATR>13.57(13.79)|RSI<50.0(43.4) ADX:16.6 ATR:13.79 RSI:43.4 GradStab:2.762 BW:0.0001 Accel:-2.245,0,1595",MISSED_FLAT
2025-11-21 14:21:30,1602,SHORT,-0.5580,24011.26,24013.16,24008.75,0.00,0,"ADX<18(14.2)|ATR>13.57(13.75)|RSI<50.0(46.4) ADX:14.2 ATR:13.75 RSI:46.4 GradStab:1.111 BW:0.0001 Accel:-1.174,0,1602",MISSED_FLAT
2025-11-21 14:31:00,1621,LONG,22.9525,24025.46,24007.63,24128.75,0.00,0,"GradStab>1.46(7.049)|ATR>13.57(21.94) ADX:31.1 ATR:21.94 RSI:79.5 GradStab:7.049 BW:0.0007 Accel:+24.571,0,1621",MISSED_FLAT
2025-11-21 14:44:30,1648,LONG,1.6546,24151.05,24140.51,24158.50,0.00,0,"GradStab>1.46(2.549)|ATR>13.57(25.04) ADX:33.2 ATR:25.04 RSI:59.0 GradStab:2.549 BW:0.0004 Accel:+4.284,0,1648",MISSED_FLAT
2025-11-21 14:53:00,1665,LONG,3.1050,24228.78,24212.91,24242.75,0.00,0,"GradStab>1.46(2.558)|ATR>13.57(19.96) ADX:34.2 ATR:19.96 RSI:65.1 GradStab:2.558 BW:0.0007 Accel:+3.638,0,1665",MISSED_FLAT
2025-11-21 15:02:00,1683,SHORT,-0.5737,24209.83,24213.38,24207.25,0.00,0,"GradStab>1.46(1.863)|ATR>13.57(16.24)|RSI<50.0(48.2) ADX:19.5 ATR:16.24 RSI:48.2 GradStab:1.863 BW:0.0001 Accel:-1.327,0,1683",MISSED_FLAT
2025-11-21 15:09:00,1697,SHORT,-1.9844,24171.93,24180.43,24163.00,0.00,0,"GradStab>1.46(2.504)|ATR>13.57(15.83)|RSI<50.0(40.3) ADX:19.8 ATR:15.83 RSI:40.3 GradStab:2.504 BW:0.0004 Accel:-2.195,0,1697",MISSED_FLAT
2025-11-21 15:11:00,1701,SHORT,-0.5824,24177.62,24181.56,24175.00,0.00,0,"ADX<18(16.6)|ATR>13.57(16.09)|RSI<50.0(45.9) ADX:16.6 ATR:16.09 RSI:45.9 GradStab:1.150 BW:0.0002 Accel:-1.078,0,1701",MISSED_FLAT
2025-11-21 15:24:30,1728,LONG,0.7057,24265.57,24254.48,24268.75,0.00,0,"GradStab>1.46(2.201)|ATR>13.57(14.25) ADX:36.6 ATR:14.25 RSI:61.4 GradStab:2.201 BW:0.0005 Accel:+2.303,0,1728",MISSED_FLAT
2025-11-21 15:33:30,1746,SHORT,-1.8967,24217.54,24222.85,24209.00,0.00,0,"GradStab>1.46(2.217)|ATR>13.57(15.12)|RSI<50.0(42.7) ADX:21.3 ATR:15.12 RSI:42.7 GradStab:2.217 BW:0.0002 Accel:-2.023,0,1746",MISSED_FLAT
2025-11-21 15:36:00,1751,LONG,3.3851,24226.52,24225.77,24241.75,0.00,0,"GradStab>1.46(1.590)|ATR>13.57(15.24) ADX:18.5 ATR:15.24 RSI:57.4 GradStab:1.590 BW:0.0000 Accel:+2.859,0,1751",MISSED_FLAT
2025-11-21 16:04:00,1807,SHORT,-0.9376,24233.97,24236.78,24229.75,0.00,0,"ADX<18(13.5)|RSI<50.0(44.9) ADX:13.5 ATR:13.00 RSI:44.9 GradStab:1.292 BW:0.0001 Accel:-2.418,0,1807",MISSED_FLAT
2025-11-21 16:08:30,1816,SHORT,-0.6759,24222.79,24227.07,24219.75,0.00,0,"ADX<18(15.9)|RSI<50.0(43.4) ADX:15.9 ATR:11.81 RSI:43.4 GradStab:0.995 BW:0.0002 Accel:-1.213,0,1816",MISSED_FLAT
2025-11-21 16:31:00,1861,LONG,7.0074,24216.97,24212.92,24248.50,0.00,0,"GradStab>1.46(2.397)|ATR>13.57(15.41) ADX:24.4 ATR:15.41 RSI:68.9 GradStab:2.397 BW:0.0002 Accel:+6.741,0,1861",MISSED_FLAT
2025-11-21 16:33:00,1865,LONG,6.2006,24229.35,24221.04,24257.25,0.00,0,"GradStab>1.46(3.437)|ATR>13.57(24.50) ADX:24.4 ATR:24.50 RSI:62.2 GradStab:3.437 BW:0.0003 Accel:+8.769,0,1865",MISSED_FLAT
2025-11-21 16:35:00,1869,LONG,5.5280,24229.37,24222.61,24254.25,0.00,0,"GradStab>1.46(4.205)|ATR>13.57(31.85) ADX:20.9 ATR:31.85 RSI:57.4 GradStab:4.205 BW:0.0003 Accel:+8.277,0,1869",MISSED_FLAT
2025-11-21 16:37:30,1874,LONG,5.1957,24229.37,24223.69,24252.75,0.00,0,"ADX<18(16.7)|GradStab>1.46(4.032)|ATR>13.57(32.84) ADX:16.7 ATR:32.84 RSI:56.5 GradStab:4.032 BW:0.0002 Accel:+5.679,0,1874",MISSED_FLAT
2025-11-21 17:01:30,1922,SHORT,-7.2769,24190.50,24199.72,24157.75,0.00,0,"ADX<18(13.9)|GradStab>1.46(3.257)|ATR>13.57(34.23)|RSI<50.0(42.1) ADX:13.9 ATR:34.23 RSI:42.1 GradStab:3.257 BW:0.0004 Accel:-10.317,0,1922",MISSED_FLAT
2025-11-21 17:16:30,1952,SHORT,-2.5914,24112.41,24124.77,24100.75,0.00,0,"GradStab>1.46(2.115)|ATR>13.57(33.95)|RSI<50.0(42.2) ADX:19.4 ATR:33.95 RSI:42.2 GradStab:2.115 BW:0.0005 Accel:-5.717,0,1952",MISSED_FLAT
2025-11-21 17:21:00,1961,SHORT,-5.2002,24093.90,24104.18,24070.50,0.00,0,"ADX<18(17.1)|GradStab>1.46(4.228)|ATR>13.57(34.27)|RSI<50.0(41.3) ADX:17.1 ATR:34.27 RSI:41.3 GradStab:4.228 BW:0.0004 Accel:-9.819,0,1961",MISSED_FLAT
2025-11-21 17:55:00,2029,LONG,3.9024,24056.69,24050.45,24074.25,0.00,0,"ADX<18(15.7)|GradStab>1.46(3.629)|ATR>13.57(31.70) ADX:15.7 ATR:31.70 RSI:56.5 GradStab:3.629 BW:0.0003 Accel:+4.102,0,2029",MISSED_FLAT
2025-11-21 18:17:30,2074,LONG,3.5039,24064.48,24052.15,24080.25,0.00,0,"GradStab>1.46(1.931)|ATR>13.57(26.24) ADX:19.2 ATR:26.24 RSI:61.4 GradStab:1.931 BW:0.0005 Accel:+4.120,0,2074",MISSED_FLAT
2025-11-21 18:21:30,2082,LONG,4.7973,24043.16,24042.29,24064.75,0.00,0,"ADX<18(17.9)|GradStab>1.46(4.438)|ATR>13.57(29.32) ADX:17.9 ATR:29.32 RSI:56.2 GradStab:4.438 BW:0.0000 Accel:+3.944,0,2082",MISSED_FLAT
2025-11-21 18:33:00,2105,LONG,1.2456,24163.14,24143.75,24168.75,0.00,0,"GradStab>1.46(2.646)|ATR>13.57(23.85) ADX:28.4 ATR:23.85 RSI:62.0 GradStab:2.646 BW:0.0008 Accel:+2.062,0,2105",MISSED_FLAT
2025-11-21 18:34:30,2108,LONG,3.5133,24169.94,24152.42,24185.75,0.00,0,"GradStab>1.46(2.990)|ATR>13.57(23.30) ADX:25.7 ATR:23.30 RSI:64.9 GradStab:2.990 BW:0.0007 Accel:+3.709,0,2108",MISSED_FLAT
2025-11-21 18:36:00,2111,LONG,1.0719,24172.93,24158.71,24177.75,0.00,0,"GradStab>1.46(2.252)|ATR>13.57(23.96) ADX:23.2 ATR:23.96 RSI:59.2 GradStab:2.252 BW:0.0006 Accel:+1.883,0,2111",MISSED_FLAT
2025-11-21 18:47:00,2133,LONG,1.5814,24213.38,24208.44,24220.50,0.00,0,"GradStab>1.46(1.702)|ATR>13.57(21.30) ADX:19.9 ATR:21.30 RSI:57.8 GradStab:1.702 BW:0.0002 Accel:+4.649,0,2133",MISSED_FLAT
2025-11-21 18:48:30,2136,LONG,1.3458,24214.19,24209.97,24220.25,0.00,0,"ADX<18(16.0)|GradStab>1.46(1.624)|ATR>13.57(20.94) ADX:16.0 ATR:20.94 RSI:57.1 GradStab:1.624 BW:0.0002 Accel:+1.560,0,2136",MISSED_FLAT
2025-11-21 19:04:30,2168,LONG,1.0946,24337.07,24324.69,24342.00,0.00,0,"GradStab>1.46(3.361)|ATR>13.57(20.14) ADX:34.9 ATR:20.14 RSI:63.1 GradStab:3.361 BW:0.0005 Accel:+1.944,0,2168",MISSED_FLAT
2025-11-21 19:06:30,2172,LONG,0.8948,24342.47,24332.09,24346.50,0.00,0,"GradStab>1.46(1.542)|ATR>13.57(19.68) ADX:31.3 ATR:19.68 RSI:60.6 GradStab:1.542 BW:0.0004 Accel:+1.463,0,2172",MISSED_FLAT
2025-11-21 19:17:00,2193,SHORT,-1.9260,24351.92,24352.16,24343.25,0.00,0,"ATR>13.57(17.63)|RSI<50.0(47.2) ADX:25.5 ATR:17.63 RSI:47.2 GradStab:1.213 BW:0.0000 Accel:-1.602,0,2193",MISSED_FLAT
2025-11-21 19:19:00,2197,LONG,0.8758,24353.06,24352.67,24357.00,0.00,0,"ATR>13.57(17.11) ADX:21.5 ATR:17.11 RSI:54.1 GradStab:0.785 BW:0.0000 Accel:+1.381,0,2197",MISSED_FLAT
2025-11-21 19:20:00,2199,SHORT,-3.3311,24345.49,24348.59,24330.50,0.00,0,"ATR>13.57(18.01)|RSI<50.0(41.6) ADX:21.5 ATR:18.01 RSI:41.6 GradStab:1.225 BW:0.0001 Accel:-4.002,0,2199",MISSED_FLAT
2025-11-21 19:49:00,2257,LONG,1.1267,24380.93,24379.78,24386.00,0.00,0,"ADX<18(12.5)|GradStab>1.46(1.806)|ATR>13.57(16.88) ADX:12.5 ATR:16.88 RSI:54.1 GradStab:1.806 BW:0.0000 Accel:+1.149,0,2257",MISSED_FLAT
2025-11-21 19:51:00,2261,SHORT,-3.2233,24380.50,24380.62,24366.00,0.00,0,"ADX<18(12.8)|GradStab>1.46(2.104)|ATR>13.57(17.32)|RSI<50.0(43.5) ADX:12.8 ATR:17.32 RSI:43.5 GradStab:2.104 BW:0.0000 Accel:-3.905,0,2261",MISSED_FLAT
2025-11-21 19:57:00,2273,SHORT,-1.3952,24361.78,24365.28,24355.50,0.00,0,"ADX<18(11.5)|GradStab>1.46(2.139)|ATR>13.57(16.94)|RSI<50.0(44.1) ADX:11.5 ATR:16.94 RSI:44.1 GradStab:2.139 BW:0.0001 Accel:-3.993,0,2273",MISSED_FLAT
2025-11-21 20:03:00,2285,SHORT,-0.6635,24345.24,24350.26,24342.25,0.00,0,"ADX<18(10.0)|ATR>13.57(15.44)|RSI<50.0(43.3) ADX:10.0 ATR:15.44 RSI:43.3 GradStab:0.988 BW:0.0002 Accel:-1.464,0,2285",MISSED_FLAT
2025-11-21 20:14:30,2308,SHORT,-0.9260,24252.67,24266.04,24248.50,0.00,0,"GradStab>1.46(1.816)|ATR>13.57(17.94)|RSI<50.0(39.5) ADX:33.0 ATR:17.94 RSI:39.5 GradStab:1.816 BW:0.0006 Accel:-2.001,0,2308",MISSED_FLAT
2025-11-21 20:26:00,2331,LONG,1.7242,24246.99,24245.96,24254.75,0.00,0,"ADX<18(17.6)|GradStab>1.46(2.476)|ATR>13.57(18.78) ADX:17.6 ATR:18.78 RSI:52.5 GradStab:2.476 BW:0.0000 Accel:+3.440,0,2331",MISSED_FLAT
2025-11-21 20:29:00,2337,LONG,1.2673,24247.80,24246.72,24253.50,4.25,2,"ADX<18(13.7)|GradStab>1.46(1.475)|ATR>13.57(18.54) ADX:13.7 ATR:18.54 RSI:52.3 GradStab:1.475 BW:0.0000 Accel:+1.420,0,2337",MISSED_FLAT
2025-11-21 20:30:00,2339,LONG,1.7510,24249.87,24247.94,24257.75,0.00,0,"ADX<18(11.9)|ATR>13.57(18.81) ADX:11.9 ATR:18.81 RSI:53.7 GradStab:1.392 BW:0.0001 Accel:+2.247,0,2339",MISSED_FLAT
2025-11-21 20:48:30,2376,LONG,2.1100,24381.00,24370.33,24390.50,95.25,1,"ATR>13.57(14.63) ADX:21.7 ATR:14.63 RSI:67.9 GradStab:1.208 BW:0.0004 Accel:+2.869,0,2376",MISSED_WIN
2025-11-21 20:54:00,2387,LONG,1.1167,24503.22,24471.86,24508.25,0.00,0,"GradStab>1.46(5.635)|ATR>13.57(25.48) ADX:43.5 ATR:25.48 RSI:65.9 GradStab:5.635 BW:0.0013 Accel:+1.449,0,2387",MISSED_FLAT
2025-11-21 20:56:30,2392,LONG,1.7780,24497.25,24480.06,24505.25,0.00,0,"GradStab>1.46(3.985)|ATR>13.57(25.54) ADX:35.1 ATR:25.54 RSI:61.4 GradStab:3.985 BW:0.0007 Accel:+4.489,0,2392",MISSED_FLAT
2025-11-21 20:59:30,2398,LONG,1.6256,24482.68,24477.77,24490.00,0.00,0,"GradStab>1.46(2.507)|ATR>13.57(25.86) ADX:24.8 ATR:25.86 RSI:55.3 GradStab:2.507 BW:0.0002 Accel:+5.785,0,2398",MISSED_FLAT
2025-11-21 21:01:00,2401,LONG,1.0962,24483.82,24479.58,24488.75,0.00,0,"GradStab>1.46(2.582)|ATR>13.57(25.32) ADX:21.8 ATR:25.32 RSI:54.7 GradStab:2.582 BW:0.0002 Accel:+1.832,0,2401",MISSED_FLAT
2025-11-21 21:03:00,2405,LONG,0.5341,24485.35,24481.94,24487.75,0.00,0,"GradStab>1.46(1.864)|ATR>13.57(23.55) ADX:19.7 ATR:23.55 RSI:53.8 GradStab:1.864 BW:0.0001 Accel:+0.720,0,2405",MISSED_FLAT
2025-11-21 21:15:00,2429,LONG,0.5029,24535.99,24532.04,24538.25,0.00,0,"ADX<18(17.5)|GradStab>1.46(1.464)|ATR>13.57(18.16) ADX:17.5 ATR:18.16 RSI:55.7 GradStab:1.464 BW:0.0002 Accel:+2.605,0,2429",MISSED_FLAT
2025-11-21 21:19:30,2438,LONG,1.7906,24539.94,24536.26,24548.00,0.00,0,"ADX<18(12.2)|ATR>13.57(16.68) ADX:12.2 ATR:16.68 RSI:58.0 GradStab:1.108 BW:0.0001 Accel:+2.319,0,2438",MISSED_FLAT
2025-11-21 21:31:00,2461,LONG,1.7603,24584.83,24579.10,24592.75,0.00,0,"ADX<18(11.9) ADX:11.9 ATR:13.46 RSI:60.9 GradStab:1.003 BW:0.0002 Accel:+1.821,0,2461",MISSED_FLAT
2025-11-21 22:05:00,2529,SHORT,-2.0851,24460.38,24463.80,24451.00,0.00,0,"ATR>13.57(15.05)|RSI<50.0(38.7) ADX:21.8 ATR:15.05 RSI:38.7 GradStab:0.992 BW:0.0001 Accel:-2.102,0,2529",MISSED_FLAT
2025-11-21 22:07:30,2534,SHORT,-1.4583,24455.31,24459.45,24448.75,0.00,0,"ATR>13.57(15.24)|RSI<50.0(41.8) ADX:18.9 ATR:15.24 RSI:41.8 GradStab:1.143 BW:0.0002 Accel:-1.888,0,2534",MISSED_FLAT
2025-11-21 22:09:00,2537,SHORT,-1.0225,24455.60,24458.74,24451.00,0.00,0,"ADX<18(16.4)|ATR>13.57(14.81)|RSI<50.0(43.9) ADX:16.4 ATR:14.81 RSI:43.9 GradStab:1.058 BW:0.0001 Accel:-2.101,0,2537",MISSED_FLAT
2025-11-21 22:15:30,2550,LONG,1.0051,24472.98,24469.86,24477.50,7.50,4,"ADX<18(10.5)|ATR>13.57(14.57) ADX:10.5 ATR:14.57 RSI:54.3 GradStab:1.158 BW:0.0001 Accel:+1.913,0,2550",MISSED_FLAT
2025-11-21 22:17:30,2554,LONG,2.0127,24475.94,24472.37,24485.00,0.00,0,"ADX<18(10.0)|ATR>13.57(14.33) ADX:10.0 ATR:14.33 RSI:57.1 GradStab:1.183 BW:0.0001 Accel:+2.310,0,2554",MISSED_FLAT
2025-11-21 22:39:00,2597,LONG,0.5722,24416.17,24413.48,24418.75,0.00,0,"GradStab>1.46(2.608)|ATR>13.57(17.13) ADX:31.5 ATR:17.13 RSI:51.2 GradStab:2.608 BW:0.0001 Accel:+0.600,0,2597",MISSED_FLAT
2025-11-21 22:49:30,2610,LONG,1.4593,24419.43,24416.46,24426.00,0.00,0,"ADX<18(17.7)|GradStab>1.46(1.971)|ATR>13.57(17.13) ADX:17.7 ATR:17.13 RSI:53.6 GradStab:1.971 BW:0.0001 Accel:+2.635,0,2610",MISSED_FLAT
2025-11-21 23:06:30,2611,SHORT,-14.0953,24404.43,24408.84,24341.00,0.00,0,"GradStab>1.46(4.762)|ATR>13.57(22.44)|RSI<50.0(32.4) ADX:19.5 ATR:22.44 RSI:32.4 GradStab:4.762 BW:0.0002 Accel:-15.555,0,2611",MISSED_FLAT
2025-11-21 23:15:00,2628,SHORT,-0.8432,24319.04,24333.36,24315.25,0.00,0,"GradStab>1.46(1.832)|ATR>13.57(13.57)|RSI<50.0(37.0) ADX:32.8 ATR:13.57 RSI:37.0 GradStab:1.832 BW:0.0006 Accel:-1.601,0,2628",MISSED_FLAT
2025-11-21 23:22:00,2642,SHORT,-1.2018,24320.91,24324.90,24315.50,0.00,0,"RSI<50.0(38.7) ADX:24.6 ATR:9.19 RSI:38.7 GradStab:0.442 BW:0.0002 Accel:-1.526,0,2642",MISSED_FLAT
2025-11-21 23:23:30,2645,SHORT,-1.0668,24319.55,24323.22,24314.75,0.00,0,"RSI<50.0(39.9) ADX:25.6 ATR:8.88 RSI:39.9 GradStab:0.527 BW:0.0002 Accel:-1.243,0,2645",MISSED_FLAT
